node,in_degree,out_degree,total_degree,type
how to,0,14,14,
it,0,6,6,
this,0,5,5,
it is usually,0,4,4,
ibs.,4,0,4,
poor hygiene.,3,0,3,
treatments for tiredness,0,3,3,
a virus.,3,0,3,
antibiotic use.,3,0,3,
an infected wound?,2,0,2,
eyelid swelling,0,2,2,
it can also be,0,2,2,
a human or animal bite.,2,0,2,
parkinson's disease?,2,0,2,
a blockage and inflammation of a gland in the eyelid.,2,0,2,
the piles.,2,0,2,
uveitis.,2,0,2,
autoimmune thyroiditis.,2,0,2,
a certain type of e.,2,0,2,
"infections, inflammation, allergies, or injury.",2,0,2,
salmonella infection.,2,0,2,
"many conditions and are usually caused by infections, inflammation, allergies, or injury.",2,0,2,
e.,2,0,2,
depression.,2,0,2,
advanced (metastatic) bowel cancer.,2,0,2,
to,0,2,2,
"viruses, bacteria, or parasites.",2,0,2,
other diseases.,2,0,2,
when laryngitis,0,2,2,
a direct injury to the foot.,2,0,2,
(this could be linked to some types of medication - see 'which medicines are used to,0,2,2,
pd.,2,0,2,
s of a uti.,2,0,2,
it.,2,0,2,
or prevent bacterial infections - they do not work against viral infections such as colds or the flu.,2,0,2,
any underlying kidney condition.,2,0,2,
a stone that passes into the tube (the ureter) draining urine from the kidney.,2,0,2,
the pain,0,2,2,
high blood pressure).,2,0,2,
medicines used to,0,1,1,
because urtis are,0,1,1,
"gastroenteritis treatment complications of gastroenteritis how to prevent gastroenteritis frequently asked questions key points gastroenteritis is an infection of the stomach and intestines,",0,1,1,
viral infections.,1,0,1,
"gastroenteritis is an infection of the stomach and intestines,",0,1,1,
the vast majority of urtis are,0,1,1,
"a viral infection, with between 1% and 10% of cases being",1,0,1,
: viruses: infection with noroviruses and adenoviruses are common causes of gastroenteritis in adults in the uk.,1,0,1,
gastroenteritis can be,0,1,1,
"gastroenteritis url : https://patient.info/digestive-health/diarrhoea/gastroenteritis category : digestive health byline : by dr colin tidy, mrcgp --- article text --- health topics digestive health gastroenteritis gastroenteritis peer reviewed by dr krishna vakharia, mrcgplast updated by dr colin tidy, mrcgplast updated 26 sept 2023 meets patient’s editorial guidelines in this series: diarrhoea food poisoning norovirus campylobacter salmonella cryptosporidium gastroenteritis, also known as 'stomach-flu', is the inflammation of the stomach and intestines,",0,1,1,
bronchitis is usually,0,1,1,
these are little skin lumps,0,1,1,
antibiotics are not needed for gastroenterit,0,1,1,
viruses and may even make things worse.,1,0,1,
"if it does occur, it is more likely if gastroenteritis",0,1,1,
"cancer may also have other symptoms due to cancer, such as weight loss.",1,0,1,
"viruses, bacteria or other microbes.",1,0,1,
treating constipation constipation is sometimes a main,0,1,1,
antidepressant medicines a tricyclic antidepressant is sometimes used to,0,1,1,
"infection, or rarely by malignancy.",1,0,1,
examples include: coeliac disease,0,1,1,
"a wheeze is a high-pitched whistling sound made when you breathe,",0,1,1,
"intolerance to a protein called gluten which is found in certain foods containing wheat, barley and rye.",1,0,1,
small intestinal bacterial overgrowth is a poorly understood condition which,0,1,1,
an overgrowth of germs in the small intestine.,1,0,1,
"indeed, it is thought that some cases of irritable bowel syndrome may be",0,1,1,
small intestinal bacterial overgrowth.,1,0,1,
infection with a germ called giardia.,1,0,1,
ibs irritable bowel syndrome medications alternative ibs treatments what is the outlook for ibs (prognosis)?,1,0,1,
ibs is not,0,1,1,
an ongoing gut infection.,1,0,1,
the connections between the gut and the brain are known as the 'gut-brain axis' and it is this link which has led to the use of psychological therapies sometimes being used to,0,1,1,
germs (bacteria) and don't work on viruses.,1,0,1,
antibiotics for a chest infection antibiotics are medicines used for infections,0,1,1,
note: remember that passing blood is not a,0,1,1,
ibs there are many different methods of treating ibs.,1,0,1,
"viruses rather than bacteria, antibiotics won't help in any way.",1,0,1,
people with lumps in the groin,0,1,1,
swollen lymph nodes in the groin may be,0,1,1,
it is rare and is usually associated with gastroenterit,0,1,1,
depression: general weariness and a feeling of generalised tiredness can also be,0,1,1,
a doctor.,1,0,1,
lifestyle causes of tiredness tiredness is often,0,1,1,
cerebrovascular disease such as a stroke and brain haemorrhage and spinal injury.,1,0,1,
lifestyle.,1,0,1,
"for example, in anaemia with low iron levels, iron supplements can be used to",0,1,1,
this and the tiredness will resolve as the blood count increases.,1,0,1,
chronic fatigue syndrome (cfs) if symptoms are thought to be due to cfs then a referral to a specialist team is sometimes made.,1,0,1,
"anxiety or depression anxiety or depression can be helped by talking therapy (counselling), cognitive behavioural therapy (cbt) or medication.",1,0,1,
"stress if stress is the cause, it is worth taking the time to think and talk about possible ways to reduce this.",1,0,1,
"this is normal in pregnancy and whilst some exercise is still sensible, it is important to take care and to make adaptations for the change in posture",0,1,1,
carrying the weight at the front.,1,0,1,
neurological conditions: muscle weakness can be,0,1,1,
peripheral arterial disease: this,0,1,1,
an overactive thyroid gland.,1,0,1,
"narrowing of the arteries, usually due to the build-up of cholesterol.",1,0,1,
conditions affecting brain 'drive' to muscles anxiety: generalised tiredness can be,0,1,1,
anxiety.,1,0,1,
"small grade 3 can sometimes be gently pushed back in, but larger or painful grade 4 piles should not be forced back in and should be",0,1,1,
small and non-prolapsing piles (grade 1).,1,0,1,
it may be all that you need to,0,1,1,
grade 1 piles which have not settled with the simple advice and treatment outlined above.,1,0,1,
there are many things you can do at home to help,0,1,1,
old blood high up in the gut).,1,0,1,
"and prevent piles, whilst procedures or surgery can help severe cases.",1,0,1,
piles symptoms the most common,0,1,1,
piles is bleeding after going to the toilet to poo.,1,0,1,
"you are bringing up (vomiting) blood, or have blood in your poo (including a very dark coloured poo which can be",0,1,1,
it may also be done to,0,1,1,
haemorrhoidectomy a surgical procedure to cut away the haemorrhoid(s) is an option to treat grade 3 or 4 piles or for piles not successfully,0,1,1,
pain may indicate that there is a complication,0,1,1,
banding or other methods.,1,0,1,
"although piles can often be treated at home, it’s best to see a doctor if you are experiencing any pain or rectal bleeding: pain may indicate that there is a complication",0,1,1,
the above organs.,1,0,1,
the following are some of the possibilities,0,1,1,
damage to nerves in the brain and spinal cord and can cause sudden paralysis of a muscle.,1,0,1,
"for example, acute gastroenteritis (also known as a 'tummy bug'), often",0,1,1,
other uncommon nerve conditions: multiple sclerosis (ms): this,0,1,1,
"infection with a virus, can result in a short-term condition associated with increased gas.",1,0,1,
kidney infection risk factors diagnosing a kidney infection how to,0,1,1,
diseases of the bowel.,1,0,1,
"for example, antibiotics usually do little to speed up recovery from most ear, nose, throat and sinus infections even where they are",0,1,1,
bacterial infections.,1,0,1,
it is important to remember that antibiotics are only prescribed to,0,1,1,
bacterial infections and are not effective against viruses.,1,0,1,
antibiotics simply do not work against infections that are,0,1,1,
"viruses (for example, the common cold or flu), or fungi (for example, thrush in the mouth or vagina), or fungal infections of the skin.",1,0,1,
this is why different antibiotics are used to,0,1,1,
different types of infection.,1,0,1,
most common infections are,0,1,1,
viruses.,1,0,1,
bacteria.,1,0,1,
antibiotics are medicines used to,0,1,1,
"however, antibiotics are needed for certain more serious infections",0,1,1,
"bacteria, such as meningitis or pneumonia.",1,0,1,
antibiotics can also be prescribed to,0,1,1,
acne.,1,0,1,
some other significant side effects are: severe watery diarrhoea and tummy (abdominal) cramps: signs of a serious bacterial infection of the gut - clostridium difficile infection - which,0,1,1,
severe watery diarrhoea and tummy (abdominal) cramps: signs of a serious bacterial infection of the gut - clostridium difficile infection - which,0,1,1,
"it is possible to get a limited selection of antibiotics directly from your pharmacist, for example to",0,1,1,
a urinary tract infection in certain age groups.,1,0,1,
the type of steroids used to,0,1,1,
antibiotics are a group of medicines that are used to,0,1,1,
frequently asked questions key points antibiotics are medicines used to,0,1,1,
steroids can also be given as: eye drops to reduce inflammation on the surface of the eye such as,0,1,1,
treatment and medication many common infections are,0,1,1,
sweating and is sometimes called heat bumps.,1,0,1,
"unlike most types of hives, those",0,1,1,
a physical stimulus are not helped by steroids.,1,0,1,
painkillers are medicines that are used to,0,1,1,
pain.,1,0,1,
"although commonly described as 'weak opioids', they are extremely effective analgesics often used to",0,1,1,
"severe pain; however, they can lead to significant addiction and adverse effects, so should not be underestimated.",1,0,1,
"in addition to the above, some antidepressants and antiepileptic medicines can be used to",0,1,1,
neuropathic pain.,1,0,1,
germs called viruses.,1,0,1,
"bacterial infections, but they don’t work against viruses like colds or flu.",1,0,1,
"also, many infections",0,1,1,
germs called bacteria do not need antibiotics.,1,0,1,
paracetamol is used to,0,1,1,
pain and to lower a high temperature.,1,0,1,
stronger opioids are normally used to,0,1,1,
"severe pain - for example, cancer-related pain, pain after an operation, or after a serious injury.",1,0,1,
anti-inflammatory medicines used as a cream (topical painkillers) are mainly used to,0,1,1,
pain in the soft tissues and muscles.,1,0,1,
"antibiotics url : https://patient.info/infections/antibiotics-leaflet category : treatment and medication byline : by dr philippa vincent, mrcgp --- article text --- health topics treatment and medication antibiotics antibiotics peer reviewed by dr colin tidy, mrcgplast updated by dr philippa vincent, mrcgplast updated 30 jul 2024 meets patient’s editorial guidelines in this series: germs extended-spectrum beta-lactamases antibiotics are medicines that",0,1,1,
disease are called corticosteroids.,1,0,1,
eye drops to reduce inflammation on the surface of the eye such as,0,1,1,
"however, occasionally these symptoms can be",0,1,1,
steroid medication to,0,1,1,
migraine should not be taken by pregnant or breastfeeding women .,1,0,1,
"so, tests might be done if someone",0,1,1,
"s that are not typical for migraine, or if they have symptoms that suggest another cause of headaches.",1,0,1,
"treatment can include painkillers, physiotherapy and sometimes surgery to relieve the compression",0,1,1,
", for example, a cervical rib.",1,0,1,
the more common symptoms of multiple sclerosis include: visual problems the first,0,1,1,
multiple sclerosis for around one in four people with ms is a disturbance of vision.,1,0,1,
this is the most common,0,1,1,
a first relapse.,1,0,1,
relapses.,1,0,1,
each migraine attack.,1,0,1,
parkinson's disease treatments which medicines are used to,0,1,1,
the symptoms of asthma are,0,1,1,
"parkinson's disease?' section, below.) problems with controlling impulses.",1,0,1,
"parkinson's disease?' section, below.) also, for reasons that are unclear, people with a medical history of pd have an increased risk of developing melanoma skin cancer.",1,0,1,
which medicines are used to,0,1,1,
sometimes laxatives may be needed to,0,1,1,
constipation.,1,0,1,
"for example, seeing or hearing things (hallucinations), confusion and mental changes are possible side-effects of some medicines used to",0,1,1,
research is underway using stem cell therapy to help,0,1,1,
the bad news is that some of the medicines used to,0,1,1,
they are not painkillers and are different to those used to,0,1,1,
rectal foam or suppositories to,0,1,1,
this can help,0,1,1,
ulcerative colitis (proctitis) or for crohn's disease affecting the rectum.,1,0,1,
steroid nasal sprays steroid nasal sprays are medicines that are commonly used to,0,1,1,
symptoms of stuffiness or congestion in the nose.,1,0,1,
inhaled steroids are mainly used to,0,1,1,
asthma and chronic obstructive pulmonary disease (copd).,1,0,1,
steroids can help to,0,1,1,
inflammatory conditions such as asthma and eczema - they are a type of anti-inflammatory drug.,1,0,1,
"this can help treat autoimmune conditions, such as rheumatoid arthritis, autoimmune hepatitis or systemic lupus erythematosus (sle), which are",0,1,1,
the immune system mistakenly attacking the body.,1,0,1,
"autoimmune conditions, such as rheumatoid arthritis, autoimmune hepatitis or systemic lupus erythematosus (sle), which are caused by the immune system mistakenly attacking the body.",1,0,1,
migraine.,1,0,1,
these were originally developed to,0,1,1,
"type 2 diabetes, but are increasingly used for weight loss treatment as well.",1,0,1,
orlistat side-effects the common side-effects of orlistat are,0,1,1,
the fat which is passed out with your stools (faeces).,1,0,1,
they may suggest some tests to screen for any underlying health problems that may be,0,1,1,
your weight.,1,0,1,
"primary headache disorders are standalone conditions, whereas ""secondary"" headaches are",0,1,1,
other medical problems.,1,0,1,
new treatments that target cgrp have been successfully used to,0,1,1,
air flowing through narrowed airways in the lungs.,1,0,1,
feeling or sounding wheezy.,1,0,1,
"inflammation (swelling) in the airways of the lungs, which may be triggered by different things in different people.",1,0,1,
this includes beta-blocker eye drops used to,0,1,1,
in this article: swollen eyelid causes how to treat swollen eyelids when to see a doctor about a swollen eyelid frequently asked questions key points swollen eyelids are a common,0,1,1,
swollen eyelids are a common symptom of many conditions and are usually,0,1,1,
swollen eyelids are a common,0,1,1,
it can be,0,1,1,
"allergies and sensitivities (for example, to make-up), or by infection.",1,0,1,
"periorbital cellulitis by afrodriguezg (own work), via wikimedia commons sinusitis sinusitis is usually",0,1,1,
"a bacterial or viral infection, although it may also be",1,0,1,
"an allergic reaction can be significant, since the eyelid tissue is stretchy and also tends to be quite 'reactive' to allergic stimuli.",1,0,1,
"angio-oedema this is sometimes known as angio-neurotic oedema and is a skin reaction, usually",0,1,1,
"an allergy, that tends to cause marked skin swelling, sometimes with itching.",1,0,1,
a black eye can be,0,1,1,
"direct injury to the eyelid, but commonly also results from a blow to the nose or forehead.",1,0,1,
many people will be familiar with the eyelid irritation and swelling,0,1,1,
chlorine in swimming pools.,1,0,1,
swollen eyelids treatments and remedies for swollen eyelids may include some or all of: cleaning the area (sometimes with diluted baby shampoo).,1,0,1,
a medical condition will need specific treatment.,1,0,1,
"chalazion url : https://patient.info/eye-care/swollen-eyelid/chalazion category : eye health byline : by dr philippa vincent, mrcgp --- article text --- health topics eye health chalazion chalazion eyelid cyst peer reviewed by dr doug mckechnie, mrcgplast updated by dr philippa vincent, mrcgplast updated 4 sept 2024 meets patient’s editorial guidelines in this series: swollen eyelid stye blepharitis ectropion local anaesthesia for your eye operation a chalazion is a common condition affecting the eyelid and",0,1,1,
"tsca.bot, cc by-sa 3.0, via wikimedia commons chalazion vs stye a chalazion",0,1,1,
"a blockage of a gland in the eyelid, whereas a stye is due to an infected eyelash follicle.",1,0,1,
most floaters are also,0,1,1,
changes in the vitreous humour.,1,0,1,
"swollen eyelids when to see a doctor about a swollen eyelid frequently asked questions key points swollen eyelids are a common symptom of many conditions and are usually caused by infections, inflammation, allergies, or injury.",1,0,1,
in this article: swollen eyelid causes how to,0,1,1,
in this article: swollen eyelid causes how to treat swollen eyelids when to see a doctor about a swollen eyelid frequently asked questions key points swollen eyelids are a common symptom of many conditions and are usually,0,1,1,
a condition called balanitis.,1,0,1,
"treatment for scrotal lumps, pains and swelling causes of lumps, pain and swelling in the scrotum common causes of pain or lumps in the scrotum include: torsion of the testis torsion of the testis epididymo-orchitis and orchitis epididymo-orchitis and orchitis haematocele (collection of blood around your testicle that may be",0,1,1,
an injury) haematocele (collection of blood around your testicle that may be,1,0,1,
men's health testicle pain or discomfort can be a,0,1,1,
"a minor injury or health issue, but it may also be a sign of something more serious.",1,0,1,
hydrocele: this,0,1,1,
a collection of fluid in the scrotum.,1,0,1,
surgical removal large or painful cysts can be surgically removed or,0,1,1,
aspiration and injection of a substance to shrink and seal the cyst.,1,0,1,
"alternatively, penis itching can sometimes be a",0,1,1,
balanitis can be,0,1,1,
them.,1,0,1,
"poor hygiene and infections picked up during sexual activity or sexual intercourse, such as: genital herpes.",1,0,1,
"infections not linked to sexual activity, such as thrush.",1,0,1,
an itchy foreskin can be,0,1,1,
"posthitis, which means inflammation of the foreskin.",1,0,1,
discharge from the penis discharge from the penis is usually,0,1,1,
inflammation of the urethra.,1,0,1,
they are,0,1,1,
infection with the human papillomavirus (hpv).,1,0,1,
this leaflet discusses the reasons why eyelids might swell and how to,0,1,1,
most eye flashes are,0,1,1,
changes in the vitreous humour which are related to age and which are harmless.,1,0,1,
"because more marked floaters, together with eye flashes and haloes, are mostly",0,1,1,
"the normal bacteria), which then allows the anaerobic bacteria to overgrow.",1,0,1,
poor hygiene?,1,0,1,
how to test for bacterial vaginosis how to,0,1,1,
bacterial vaginosis other ways to get rid of bacterial vaginosis when should i have treatment for bacterial vaginosis?,1,0,1,
bacterial vaginosis is a common condition of the vagina,0,1,1,
an overgrowth of various germs.,1,0,1,
"it is not one infection,",0,1,1,
one type of germ.,1,0,1,
bv is not,0,1,1,
"we know that it's more likely to happen if something disturbs the acidity of the vagina, (acidity which",0,1,1,
the main,0,1,1,
an overgrowth of bacteria in the vagina.,1,0,1,
bv is a vaginal discharge.,1,0,1,
bacterial vaginosis there are various different treatments for bv.,1,0,1,
less commonly it can be the first,0,1,1,
an ectopic pregnancy.,1,0,1,
"always see a midwife or doctor if you are concerned, particularly as leg pain and swelling may be",0,1,1,
a deep vein thrombosis.,1,0,1,
the scan may be used to guide an injection which can help to,0,1,1,
the problem.,1,0,1,
"for example, ultrasound-guided injections are a common way to",0,1,1,
is bacterial vaginos,0,1,1,
"bacterial vaginosis url : https://patient.info/sexual-health/vaginal-discharge-female-discharge/bacterial-vaginosis category : women's health byline : by dr doug mckechnie, mrcgp --- article text --- health topics women's health bacterial vaginosis bacterial vaginosis peer reviewed by dr philippa vincent, mrcgplast updated by dr doug mckechnie, mrcgplast updated 20 apr 2023 meets patient’s editorial guidelines in this series: vaginal discharge vaginal thrush treating recurring yeast infections preventing and treating bacterial vaginosis bacterial vaginosis (bv) is a very common condition",0,1,1,
"conditions occurring naturally in older eyes, most people who experience frequent floaters are over 60 years of age.",1,0,1,
"if you are in a sexual relationship, there is no need to",0,1,1,
eye health a chalazion is a common condition affecting the eyelid and,0,1,1,
stye prevention styes are,0,1,1,
"a bacterium (staphylococcus) getting into the blocked oil glands of the eyelid, so paying attention to good eye hygiene will help prevent styes occurring.",1,0,1,
diagnose and,0,1,1,
some other conditions of the genitals that are not sexually transmitted.,1,0,1,
the ius is also used to,0,1,1,
heavy periods (menorrhagia).,1,0,1,
thrush,0,1,1,
the overgrowth of a fungus called candida.,1,0,1,
your partner too unless they also have thrush symptoms.,1,0,1,
"yourself, contact a doctor or nurse if the symptoms do not clear after treatment.",1,0,1,
most bouts of thrush are,0,1,1,
c.,1,0,1,
"however, about 1 in 10 bouts of thrush are",0,1,1,
"other strains of candida, such as c.",1,0,1,
if you have had a vaginal thrush infection in the past and the same symptoms come back then it is common practice to,0,1,1,
it without an examination or tests.,1,0,1,
many women know when they have thrush and,0,1,1,
it themselves.,1,0,1,
and if you do,0,1,1,
"angina attacks, and the combination is dangerous.",1,0,1,
people who have frequent attacks of angina or angina that happens during sex - because they are likely to need nitrate medications to,0,1,1,
a sexually transmitted infection (sti) but not always.,1,0,1,
a periapical abscess.,1,0,1,
chest infections can be,0,1,1,
germs called bacteria or viruses.,1,0,1,
"alendronate, taken to",0,1,1,
"'thinning' of the bones (osteoporosis), can also cause mouth ulcers if it is not taken according to the instructions.",1,0,1,
"however, if an ulcer",0,1,1,
"a viral infection, such as cold sores, this may be contagious, so it is important to get a proper diagnosis if you are unsure.",1,0,1,
gps are not trained or insured to,0,1,1,
dental problems - do not ring your gp if you have toothache.,1,0,1,
further treatment other treatment for a dental abscess includes the following: root canal root canal treatment is normally given to,0,1,1,
"this is usually a problem in the mouth, but it can be coming from other sources, or",0,1,1,
"this makes copd the second largest cause of emergency admissions, and one of the most expensive inpatient conditions",0,1,1,
a specific illness or medical condition.,1,0,1,
these routine daily procedures are usually sufficient to look after your teeth and to,0,1,1,
or prevent halitosis.,1,0,1,
inflammation of the dental pulp - the nerves and blood vessels inside our teeth.,1,0,1,
brushing too hard when brushing your teeth which exposes the sensitive dentine of the tooth root.,1,0,1,
the most common symptoms of toothache are: pain understanding the type of pain can help the dentist to,0,1,1,
you more effectively.,1,0,1,
if the pulp has not healed or the symptoms have increased then your tooth may need to undergo treatment for irreversible pulpitis (see below) if the pulpitis was,0,1,1,
"a crack in a tooth it may be necessary to modify the site of the crack before replacing a filling or a crown, to prevent the tooth cracking in half.",1,0,1,
the nhs.,1,0,1,
smoking and the most important treatment is to stop smoking.,1,0,1,
"a previous deep filling or tooth sensitivity due to gum recession, your dentist will advise you how to protect the tooth and avoid irritating the pulp to give it a chance to heal by itself.",1,0,1,
it's usually,0,1,1,
glaucoma.,1,0,1,
the dose is enough to,0,1,1,
the airways.,1,0,1,
short-acting relievers only,0,1,1,
"the symptoms of asthma and not the underlying cause, which is inflammation (swelling) in the airways.",1,0,1,
most of the side-effects,0,1,1,
"steroid tablets occur if they are taken for a long time (more than several months), or after a lot of short courses of high-dose steroids over a short period of time.",1,0,1,
silent asthma attack symptoms a 'silent' asthma attack is when someone has an asthma attack but without the typical,0,1,1,
hives (urticaria).,1,0,1,
bacterial infections but can also be,1,0,1,
the condition is most often,0,1,1,
"bacteria, such as streptococcus pneumoniae, but can also be",1,0,1,
causes of pneumonia pneumonia is an infection commonly,0,1,1,
bacteria or viruses.,1,0,1,
"rarely, pneumonia can be",0,1,1,
inhaling poisons or chemicals rather than an infection.,1,0,1,
low immunity can be,0,1,1,
"immunosuppressant medications, untreated hiv, or another serious illness.",1,0,1,
pneumonia treatment you may need medications to,0,1,1,
"your pneumonia, depending on the cause and type of pneumonia.",1,0,1,
if the pulpitis was,0,1,1,
"ears and flying url : https://patient.info/travel-and-vaccinations/health-advice-for-travel-abroad/ears-and-flying category : travel and vaccinations byline : by dr doug mckechnie, mrcgp --- article text --- health topics travel and vaccinations ears and flying ears and flying aeroplane ear peer reviewed by dr philippa vincent, mrcgplast updated by dr doug mckechnie, mrcgplast updated 23 jun 2024 meets patient’s editorial guidelines in this series: health advice for travel abroad travelling to remote locations jet lag motion sickness altitude sickness aeroplane ear, or the feeling of blocked or painful ears while flying,",0,1,1,
urethritis is usually,0,1,1,
infection.,1,0,1,
acute metatarsal fractures these are usually,0,1,1,
these are usually,0,1,1,
gout,0,1,1,
"a chemical in the blood, called uric acid (urate).",1,0,1,
"various treatments can be given by a doctor or nurse, or a person qualified to diagnose and",0,1,1,
foot disorders (a podiatrist).,1,0,1,
an ingrown toenail is usually,0,1,1,
a sharp spike of nail growing into the skin beside it.,1,0,1,
antibiotics may be needed to,0,1,1,
severe ingrown toenails are usually,0,1,1,
acute metatarsal fracture an acute metatarsal fracture is usually,0,1,1,
"a gp or nurse, or a person qualified to diagnose and treat foot disorders (a podiatrist).",1,0,1,
narrowing of the arteries can be,0,1,1,
: smoking.,1,0,1,
psychological causes of erectile dysfunction erectile dysfunction can also be,0,1,1,
psychological issues.,1,0,1,
"for example, it's not clear if excessive porn use causes erectile dysfunction, or if there are other explanations, such as the excessive porn use being",0,1,1,
"other things, like depression or relationship problems, which are also causing erectile dysfunction.",1,0,1,
usually - although not always - the erectile dysfunction develops quite suddenly if it is a,0,1,1,
a mental health problem.,1,0,1,
"a sudden forceful injury to the foot, such as dropping a heavy object on to the foot, kicking against a hard object when tripping, falling or from a sporting injury.",1,0,1,
"plantar fasciitis choosing the correct footwear can help to reduce pain stand about 40 cm away from a wall and put both hands on the wall at shoulder height, feet slightly apart, with one foot in front of the other.",1,0,1,
pressure changes.,1,0,1,
it is probably,0,1,1,
unequal pressure that develops between the air in the middle ear and the air outside the ear during takeoff and landing.,1,0,1,
repeated movements during travelling which send strong (sometimes confusing) signals to the balance and position sensors in the brain.,1,0,1,
"symptoms of nausea, dizziness or vomiting,",0,1,1,
"travel in a vehicle, boat or aeroplane, is known as motion sickness.",1,0,1,
"playing video games or walking or standing on moving platforms, for example a pontoon on a lake.",1,0,1,
"other techniques, which are useful on their own to",0,1,1,
"motion sickness but can also be used with medicines if required, are: breathe deeply and slowly and, while focusing on breathing, listening to music.",1,0,1,
ondansetron ondansetron is a powerful antisickness medicine which is most commonly used for sickness,0,1,1,
"chemotherapy, and occasionally used for morning sickness in pregnancy.",1,0,1,
the overstimulation of the balance organs during the journey.,1,0,1,
exercises (done with or without shoes on) to help,0,1,1,
"consuming food and water, contaminated by germs (microbes) including bacteria, viruses and parasites.",1,0,1,
traveller's diarrhoea,0,1,1,
"eating food, or drinking water, containing certain germs (microbes) or their poisons (toxins).",1,0,1,
"for example, people with untreated hiv infection, those on chemotherapy, those on long-term steroid treatment or those who are taking drugs which suppress their immune system, for example after a transplant or to",0,1,1,
"an autoimmune condition despite the fact that symptoms are usually fairly mild, they can often mean that your travel itinerary is interrupted or may need to be altered.",1,0,1,
"fluids to treat dehydration if your child is mildly dehydrated, this may be",0,1,1,
giving them rehydration drinks.,1,0,1,
"if it does occur, it is more likely if diarrhoea",0,1,1,
haemolytic uraemic syndrome usually associated with traveller's diarrhoea,0,1,1,
the condition,0,1,1,
"acne: blackheads, which are small and either black or yellowish.",1,0,1,
hives symptoms an itchy rash is the main,0,1,1,
tiny amounts of fluid that leak from blood vessels just under the skin surface.,1,0,1,
"other illness, particularly hyperthyroidism.",1,0,1,
it is called an 'adjustment reaction' because it,0,1,1,
a reaction or adjustment to the problem.,1,0,1,
these are commonly used to,0,1,1,
depression but also help to reduce the symptoms of anxiety even if you are not depressed.,1,0,1,
buspirone buspirone is sometimes prescribed to,0,1,1,
gad.,1,0,1,
severe depression st john's wort for depression living with depression will it happen again?,1,0,1,
it can be difficult to tell symptoms of depression apart from symptoms,0,1,1,
other 'physical' health conditions.,1,0,1,
"so, depression, and mental health problems generally, are important to identify and",0,1,1,
in people with other long-term conditions.,1,0,1,
severe depression more severe depression is often treated with a combination of cbt and antidepressant medication.,1,0,1,
using alcohol or drugs regularly also makes it very hard to assess and,0,1,1,
the difficulties,0,1,1,
adhd vary from mild to severe.,1,0,1,
adhd in adults can adhd get worse in adults?,1,0,1,
adhd in adults medication will usually be offered if adhd symptoms are causing significant difficulties.,1,0,1,
"therefore, the difficulties",0,1,1,
"adhd may get worse because of the impact on activities with friends, family and at work.",1,0,1,
in this article: how to tell if a wound is infected what to do if a wound is infected how do you,0,1,1,
anxiety may also be a,0,1,1,
the brain which sends lots of messages down nerves to various parts of the body when you are anxious.,1,0,1,
the physical symptoms are partly,0,1,1,
a virus not by a bacteria.,1,0,1,
glandular fever is most often,0,1,1,
the epstein-barr virus (ebv).,1,0,1,
"in about 1 in 10 people with glandular fever, it",0,1,1,
"a different virus, such as cytomegalovirus, adenovirus or human herpesvirus 6.",1,0,1,
the symptoms,0,1,1,
glandular fever are similar to symptoms due to various other viruses.,1,0,1,
the rash can also be,0,1,1,
giving antibiotics.,1,0,1,
antibiotics are not useful in glandular fever as it,0,1,1,
"antibiotic medicines are not used, as glandular fever",0,1,1,
various anxiety disorders.,1,0,1,
"however, there are ear drops called acetic acid ear drops (earcalm®) available over the counter which can",0,1,1,
most mild cases of otitis externa.,1,0,1,
sometimes it,0,1,1,
"another condition, such as ménière's disease, noise damage or ear infections.",1,0,1,
secondary (or comorbid) insomnia occurs when insomnia is a,0,1,1,
", or is associated with, other conditions.",1,0,1,
medicines associated with dependence or withdrawal symptoms: safe prescribing and withdrawal management for adults; nice guidance (april 2022) sleepio to,0,1,1,
"insomnia and insomnia symptoms; nice medical technologies guidance, may 2022 insomnia; nice cks, april 2024 (uk access only) sleep diary; the sleep charity.",1,0,1,
anxiety is a,0,1,1,
how do you,0,1,1,
tetanus is a serious disease,0,1,1,
germs which mostly live in soil or manure.,1,0,1,
a number of outbreaks of disease,0,1,1,
strains of e.coli.,1,0,1,
traveller's diarrhoea is often,0,1,1,
a strain of e.,1,0,1,
other infections other infections that are sometimes,0,1,1,
strains of e.,1,0,1,
conditions,0,1,1,
this bacteria include: infection of the gut (gastroenteritis) some people infected with vtec o157 have typical symptoms of gastroenteritis.,1,0,1,
"it causes kidney failure, a type of anaemia called haemolytic anaemia (anaemia",0,1,1,
"damage to the red blood cells), and thrombocytopenia (lowered platelets which can lead to spontaneous bleeding).",1,0,1,
vtec o157 have been reported in recent years.,1,0,1,
these are the most common infections,0,1,1,
medicines antibiotic medicines are not usually used to,0,1,1,
this infection.,1,0,1,
"indeed, there is some concern that giving antibiotics to children who have gastroenteritis or colit",0,1,1,
vtec o157 may increase their risk of developing hus.,1,0,1,
"high blood pressure url : https://patient.info/heart-health/high-blood-pressure-hypertension category : heart health and blood vessels byline : by dr doug mckechnie, mrcgp --- article text --- health topics heart health and blood vessels high blood pressure high blood pressure hypertension peer reviewed by dr colin tidy, mrcgplast updated by dr doug mckechnie, mrcgplast updated 19 jan 2025 meets patient’s editorial guidelines in this series: living with high blood pressure medicine for high blood pressure thiazide diuretics high blood pressure (hypertension) happens when the force on the walls of blood vessels (",0,1,1,
the blood within them) is more than normal.,1,0,1,
a high total cholesterol may be,0,1,1,
a high hdl cholesterol level and is therefore healthy.,1,0,1,
"however, sometimes bradycardia",0,1,1,
about 9 in 10 utis are,0,1,1,
what infections and diseases can be,0,1,1,
if the wound was,0,1,1,
cellulitis can also be,0,1,1,
"(human and animal mouths contain lots of bacteria, and bites can make deep holes in the skin.) if the wound was",0,1,1,
"this can happen if you are taking medicines that cause you to have a weakened immune system, such as chemotherapy or some medications used to",0,1,1,
inflammatory conditions - this will put you at a higher risk of a fungal infection.,1,0,1,
this can happen even in people who are fairly healthy and is usually easy to,0,1,1,
with creams or pills.,1,0,1,
this requires a specialist to diagnose and,0,1,1,
"treatment of fungal infections as already discussed, these are usually",0,1,1,
"a cream used in the affected area, but occasionally a tablet is used.",1,0,1,
strep a what other problems can strep a cause?,1,0,1,
other bacterial infections.,1,0,1,
options cardiovasc med.,1,0,1,
how to treat strep a strep a infections are effectively,0,1,1,
"antibiotics, especially penicillin-based antibiotics.",1,0,1,
post-streptococcal glomerulonephritis post-streptococcal glomerulonephritis is a kidney problem which seems to be,0,1,1,
an autoimmune reaction to previous group a strep infection.,1,0,1,
"there is controversy around pandas; it has been difficult to clearly demonstrate a link between the symptoms and group a strep infection scientifically, and it may be that these symptoms are not",0,1,1,
strep a at all in most children.,1,0,1,
(toxic shock syndrome can also be,0,1,1,
"a different bacterium, called staphylococcus aureus.) in the early stages of toxic shock syndrome, the symptoms can be identical to mild illnesses such as flu - fever, muscle pain, and chills - but rapidly get worse.",1,0,1,
curr,0,1,1,
"viral infections, such as glandular fever.",1,0,1,
pus is also,0,1,1,
the epstein-barr virus.,1,0,1,
your child,0,1,1,
a uti how to prevent utis when to see a doctor for a uti what is a uti?,1,0,1,
a uti to help ease symptoms of a urinary tract infection (uti) take paracetamol to reduce pain and also to bring down your temperature if you have a fever.,1,0,1,
but there's no evidence they help ease symptoms or,0,1,1,
a uti if the infection has already started.,1,0,1,
the sample may be sent to the laboratory to be further tested to identify the bacteria causing the infection and the best antibiotics to,0,1,1,
the infection.,1,0,1,
this is where sending urine tests to the laboratory can be really helpful to identify the bacteria and to ensure that the best antibiotics can be prescribed to,0,1,1,
that infection.,1,0,1,
when to see a doctor for a uti contact or see a gp or other primary healthcare professional if: your child,0,1,1,
in most bouts of fever that are not,0,1,1,
kidney stones are common and they are not,0,1,1,
"serious illness, the temperature generally comes down quickly.",1,0,1,
remember: paracetamol and ibuprofen do not,0,1,1,
the cause of the fever - they merely help to ease discomfort.,1,0,1,
treatment for rigors the most important thing is to work out what is causing the rigor and then to,0,1,1,
that cause.,1,0,1,
remember that paracetamol and ibuprofen do not,0,1,1,
the cause of the rigor.,1,0,1,
this means that the doctors are not yet certain of the cause of the rigors but they,0,1,1,
the patient with a broad-spectrum antibiotic.,1,0,1,
any known underlying disease for most people.,1,0,1,
hiv.,1,0,1,
the body responding to its internal thermostat having been turned up.,1,0,1,
ckd.,1,0,1,
bacteria travelling from your bladder into one or both of your kidneys and causing an infection there.,1,0,1,
a kidney infection antibiotics will usually clear the infection.,1,0,1,
most kidney infections are,0,1,1,
germs (bacteria) travelling up from a bladder infection.,1,0,1,
"if you have kidney stones, your doctor will",0,1,1,
these as they can increase the risk of kidney infection.,1,0,1,
"the aims of treatment include: if possible, to",0,1,1,
"if possible, to",0,1,1,
to relieve symptoms and problems,0,1,1,
relieving symptoms and problems,0,1,1,
some medicines used to,0,1,1,
"chronic kidney disease if chronic kidney disease becomes severe, treatment might be needed to combat various problems",1,0,1,
"each year 1 or 2 people in every 1,000 will have symptoms",0,1,1,
kidney stones.,1,0,1,
about 1 in 8 men and 1 in 16 women will have an episode of pain,0,1,1,
kidney stones at some time in their lives.,1,0,1,
renal colic: renal colic: this is a severe pain which,0,1,1,
renal colic may last from a few minutes to a few hours.,1,0,1,
this is a severe pain which,0,1,1,
a stone rubbing against the inside of your ureter.,1,0,1,
the symptoms of a rigor are,0,1,1,
"a virus that can be passed on by skin contact or from contaminated towels, flannels, soft toys, etc.",1,0,1,
"glandular fever is a viral infection, mostly",0,1,1,
a virus infection but there are many other possible causes (see 'laryngitis causes' below).,1,0,1,
a bacterial infection.,1,0,1,
what antibiotics are used to,0,1,1,
tonsillitis?,1,0,1,
most cases of tonsillitis do not need antibiotics because they are usually,0,1,1,
a virus and clear up on their own.,1,0,1,
"tonsillitis is the inflammation of the tonsils, whereas strep throat is a specific infection",0,1,1,
"group a streptococcus that often leads to tonsillitis, but can also affect the throat more generally.",1,0,1,
infection with a bacteria.,1,0,1,
most cases of laryngitis are,0,1,1,
when,0,1,1,
this was the same whether or not their tonsillitis was,0,1,1,
"a virus infection, it usually starts suddenly and resolves within 1-2 weeks.",1,0,1,
"an infection (for example, a virus), the infection can be contagious.",1,0,1,
"fungal infection, the treatment is antifungal medication.",1,0,1,
sometimes corticosteroid medication (either oral or inhaled) is recommended to,0,1,1,
laryngitis as it is thought to reduce swelling in the larynx.,1,0,1,
laryngitis may also be,0,1,1,
"a long period of screaming, yelling or singing very loudly.",1,0,1,
laryngoscopy also checks your hoarseness is not,0,1,1,
anything more serious.,1,0,1,
a bacteria (strep) or a virus.,1,0,1,
a virus or a bacteria.,1,0,1,
how to prevent molluscum contagiosum molluscum contagiosum causes molluscum contagiosum is a type of skin infection,0,1,1,
: viral infections such as colds and flu.,1,0,1,
"a virus, which can be passed on by skin-to-skin contact.",1,0,1,
molluscum contagiosum treatment no treatment it's usually best not to,0,1,1,
"molluscum at all, particularly in children.",1,0,1,
"further reading and references molluscum contagiosum; dermnet nz molluscum contagiosum: images; dermnet nz basdag h, rainer bm, cohen ba; molluscum contagiosum: to",0,1,1,
or not to treat?,1,0,1,
"a virus, but can also be",1,0,1,
it is mainly,0,1,1,
viral infections but can also be,1,0,1,
tonsillitis can be,0,1,1,
glandular fever glandular fever (infectious mononucleosis - or 'mono'),0,1,1,
a swab can identify whether the infection,0,1,1,
a virus - the epstein-barr virus.,1,0,1,
"tonsillitis is contagious so infection may spread by close physical contact with other people, or by droplets in the air,",0,1,1,
sneezing or coughing.,1,0,1,
even when tonsillitis,0,1,1,
"a bacteria, treatment with an antibiotic does not make much difference in terms of the length or severity of the illness.",1,0,1,
even when the tonsillitis,0,1,1,
"a bacterial infection, it will usually get better on its own.",1,0,1,
tonsillitis antibiotics most throat and tonsil infections are,0,1,1,
"viruses, although some are",1,0,1,
an underlying medical condition and does cause symptoms.,1,0,1,
damage to the heart,0,1,1,
a heart attack (myocardial infarction).,1,0,1,
metformin and other insulin-sensitising medicines metformin is a medicine that is commonly used to,0,1,1,
there is also a very small risk that some medicines used to,0,1,1,
leukaemia may cause another form of cancer much later in your life.,1,0,1,
itchy vulva causes an itchy vulva (pruritus vulvae) can be,0,1,1,
many different conditions.,1,0,1,
it is often,0,1,1,
medicines taken by mouth can also,0,1,1,
hair growth.,1,0,1,
medicines taken by mouth to,0,1,1,
hair growth take 3-9 months to work fully.,1,0,1,
people with type 2 diabetes.,1,0,1,
targeted treatments and immunotherapy are used to,0,1,1,
some chemotherapy medicines that,0,1,1,
cancer may lead to an early menopause.,1,0,1,
wrinkles,0,1,1,
"muscle contraction such as frown lines between the eyebrows, forehead lines and crow's feet, can be improved by botox treatment.",1,0,1,
the various wrinkles,0,1,1,
facial muscle contraction are illustrated on diagram 1.,1,0,1,
botox can also be used to,0,1,1,
excessive sweating of the armpits and palms of the hands.,1,0,1,
when used to,0,1,1,
symptoms from metastatic bowel cancer in other organs (palliative radiotherapy).,1,0,1,
"many things other than bowel cancer, but usually means that your doctor will refer you to a specialist urgently for further tests.",1,0,1,
"whilst botox can be very safe and effective way to reduce wrinkles due to muscle contractions, it has no effect in reducing the fine lines on the face",0,1,1,
muscles which pull on tendons that are attached to bone.,1,0,1,
vascular dementia,0,1,1,
"reduced blood flow to the brain, which damages brain cells.",1,0,1,
lewy body dementia this is a type of dementia,0,1,1,
"lumps of protein in the brain, called lewy bodies.",1,0,1,
"in general, dementia",0,1,1,
things that damage brain cells and the connections between them.,1,0,1,
"for example, although we don't fully understand why it happens, alzheimer's disease seems to be",0,1,1,
the buildup of abnormal proteins in the brain.,1,0,1,
the movement of the bones,0,1,1,
one early,0,1,1,
a negative fit test makes bowel cancer unlikely; a positive fit test can be,0,1,1,
wet amd is visual distortion.,1,0,1,
"nice has recommended enzalutamide, along with hormone therapy, as an option to",0,1,1,
hormone-sensitive prostate cancer that has metastised.,1,0,1,
"even with the above tests, the exact extent of spread (stage) may not be known until after an operation to",0,1,1,
the cancer.,1,0,1,
"ascites, which is a collection of fluid in the abdomen.",1,0,1,
"the growth and spread of the cancer to the inside of the abdomen, which causes fluid to accumulate.",1,0,1,
all of the above symptoms can be,0,1,1,
various other conditions.,1,0,1,
"excessive sweating in the armpits, botox is injected directed into the axillary skin.",1,0,1,
"sun damage, and lines due to sagging of facial skin.",1,0,1,
memory loss is the most well-known,0,1,1,
chemical irritation,0,1,1,
inflammation from shaving and ingrowing hairs.,1,0,1,
ingrowing hairs can also be,0,1,1,
dead skin cells blocking the hair follicle so the hair cannot exit the follicle.,1,0,1,
"malassezia folliculitis also known as pityrosporum folliculitis, this",0,1,1,
yeasts which normally live on the skin but occasionally cause inflammation.,1,0,1,
most folliculitis infections are,0,1,1,
a bacteria called staphylococcus aureus (s.,1,0,1,
physical irritation,0,1,1,
shaving or friction.,1,0,1,
chemicals applied to the skin.,1,0,1,
and some men grow a beard to solve the problem.,1,0,1,
there are six main types of spot that are,0,1,1,
a kidney infection complications of a kidney infection can a kidney infection be prevented?,1,0,1,
"pustules are similar to papules, but with a white tip that",0,1,1,
pus.,1,0,1,
some myths and wrongly held beliefs about acne acne is not,0,1,1,
acne is not,0,1,1,
hives are common and are often,0,1,1,
"an allergic reaction, stress, infections, or certain medications.",1,0,1,
hives (or urticaria) is an itchy rash,0,1,1,
"pseudo-folliculitis also known as ""razor bumps"", this",0,1,1,
it can be difficult to,0,1,1,
hypothyroidism symptoms many symptoms of having an underactive thyroid gland (hypothyroidism) can be,0,1,1,
all the symptoms can be,0,1,1,
a low level of thyroxine.,1,0,1,
"however, all these symptoms can be",0,1,1,
other conditions and sometimes the diagnosis is not obvious.,1,0,1,
autoimmune thyroiditis is more common than usual in people with: a family history of hypothyroidism,0,1,1,
a family history of hypothyroidism,0,1,1,
other types of thyroid inflammation (thyroiditis),0,1,1,
various rare conditions.,1,0,1,
this may be more difficult to,0,1,1,
(as discussed above).,1,0,1,
other problems and so the diagnosis may not be obvious at first.,1,0,1,
a mild-to-moderate flare-up of eczema.,1,0,1,
"scaly patches of skin and thickened skin,",0,1,1,
scratching a lot.,1,0,1,
creams are usually best to,0,1,1,
moist or weeping areas of skin.,1,0,1,
ointments are usually best to,0,1,1,
areas of skin which are dry or thickened.,1,0,1,
lotions may be useful to,0,1,1,
hairy areas such as the scalp.,1,0,1,
"high-strength steroids short bursts of high-strength steroid as an alternative for adults, a short course, usually three days, of a strong topical steroid may be an option to",0,1,1,
"dementia, but dementia can affect many other brain functions as well.",1,0,1,
any complications promptly most gp surgeries and hospitals have special diabetes clinics.,1,0,1,
bradycardia prevention bradycardia can be,0,1,1,
an allergy to pollen.,1,0,1,
(see 'how to,0,1,1,
"a rib injury', above.) even with good painkillers, some people may develop a chest infection.",1,0,1,
rib injuries can occasionally be,0,1,1,
coughing or straining.,1,0,1,
occasionally eds is not inherited from a parent but has been,0,1,1,
a random gene mutation.,1,0,1,
"there is also a small risk of rupture of the large bowel (colon), and of the womb (uterus) during labour, and of spontaneous pneumothorax (",0,1,1,
popping of an air space in the lungs).,1,0,1,
"hay fever url : https://patient.info/allergies-blood-immune/hay-fever-leaflet category : allergies, blood and immune system byline : by dr doug mckechnie, mrcgp --- article text --- health topics allergies, blood and immune system allergies hay fever hay fever peer reviewed by dr philippa vincent, mrcgplast updated by dr doug mckechnie, mrcgplast updated 8 jun 2023 meets patient’s editorial guidelines hay fever",0,1,1,
"however, the term is often used when allergies are",0,1,1,
it is,0,1,1,
other pollens such as tree pollens.,1,0,1,
a high temperature (higher than 38°c) is usually,0,1,1,
an infection instead.,1,0,1,
"however, you should not take steroid tablets for long periods to",0,1,1,
"hay fever, as serious side-effects may develop.",1,0,1,
the national institute for health and care excellence (nice) has recommended that adults with severe allergic inflammation in the nose (rhinitis) or conjunctivit,0,1,1,
pollen from birch trees can be given treatment with a tablet containing birch pollen allergen extract (betula verrucose).,1,0,1,
there is no evidence that hay fever itself causes harm in pregnancy - the only reason to,0,1,1,
it is to improve symptoms.,1,0,1,
draining off the trapped blood.,1,0,1,
constipation promptly because straining worsens rib pain.,1,0,1,
"hay fever in pregnant women, even though it is a very common problem.",1,0,1,
a sprain or strain (non-mechanical).,1,0,1,
"heart disease, so healthy lifestyle advice is very important.",1,0,1,
"this leaflet explains what causes it, what it means for your health, and what you can do to prevent and",0,1,1,
vitamin d deficiency can be,0,1,1,
"little or no sunlight exposure, poor dietary intake, increased needs (for example, in pregnancy or growing children), darker skin, age, certain health conditions, and some medications.",1,0,1,
the dose needed for maintenance may be lower than that needed to,0,1,1,
the deficiency.,1,0,1,
care is needed with vitamin d supplements in certain situations: it can interact with certain medicines: digoxin (for an irregular heartbeat - atrial fibrillation) or thiazide diuretics such as bendroflumethiazide (commonly used to,0,1,1,
it can interact with certain medicines: digoxin (for an irregular heartbeat - atrial fibrillation) or thiazide diuretics such as bendroflumethiazide (commonly used to,0,1,1,
pain that wasn't,0,1,1,
surgery which opens the covering of the spinal canal (a procedure called laminectomy) to,0,1,1,
it is important to,0,1,1,
a slipped disc causing thoracic spine pain is occasionally used.,1,0,1,
preventing thoracic back pain thoracic back pain may be,0,1,1,
an underlying condition.,1,0,1,
"the commonest of these would be a ""compression fracture"" of a vertebra (where one of the vertebrae gets squashed by the vertebra above it and fractures) which is usually",0,1,1,
osteoporosis.,1,0,1,
thoracic back pain can be,0,1,1,
"poor posture, or sitting for long periods, for example, at a desk - avoiding these, and ensuring a desk workstation is ergonomic, can help to prevent it.",1,0,1,
broken or bruised ribs what are the complications of broken or bruised ribs?,1,0,1,
broken or bruised ribs the most important treatment is to have good pain relief good pain relief for broken or bruised ribs is important as it helps to enable normal breathing and coughing.,1,0,1,
there isn't a national guideline in the uk on how best to,0,1,1,
"allergic rhinitis; nice cks, january 2024 (uk access only) treatment of allergic rhinitis; best use of medicines in pregnancy, uk teratology information service, 2019 betula verrucosa for treating moderate to severe allergic rhinitis or conjunctivit",0,1,1,
treatment aim 3 - monitoring to detect and,0,1,1,
"eating certain foods, but a diet with lots of high-calorie foods can lead to overweight and obesity, which can then lead to type 2 diabetes.",1,0,1,
"other hormone (endocrine) diseases, such as cushing's syndrome and acromegaly.",1,0,1,
secondary diabetes: diabetes can be,0,1,1,
maturity-onset diabetes of the young (mody): this includes several forms of diabetes which are,0,1,1,
genetic defects of the cells in the pancreas that make insulin.,1,0,1,
type 1 diabetes is not,0,1,1,
any type of diet or lifestyle.,1,0,1,
causes of type 2 diabetes type 2 diabetes can be,0,1,1,
"insulin not working properly (insulin resistance), or by the pancreas not producing enough insulin.",1,0,1,
type 2 diabetes is not directly,0,1,1,
the treatment for diabetes includes regular monitoring to diagnose and,0,1,1,
"by dr doug mckechnie, mrcgp other types of diabetes there are also a number of rarer forms of diabetes, including: secondary diabetes: diabetes can be",0,1,1,
complications at an early stage.,1,0,1,
complications of type 1 diabetes type 1 diabetes treatment treatment aim 1 - keeping your blood glucose level near normal treatment aim 2 - to reduce other risk factors treatment aim 3 - to detect and,0,1,1,
any complications immunisation what is type 1 diabetes?,1,0,1,
treatment aim 3 - to detect and,0,1,1,
any complications most gp surgeries and hospitals have special diabetes clinics.,1,0,1,
treatment aim 1 - keeping your blood sugar (glucose) level at normal levels treatment aim 2 - to reduce other risk factors treatment aim 3 - monitoring to detect and,0,1,1,
any complications promptly immunisation what is type 2 diabetes?,1,0,1,
but a group of medications first developed to,0,1,1,
type 2 diabetes can provide added protection against developing and worsening chronic kidney disease.,1,0,1,
diabetes can also be,0,1,1,
"the pancreas not producing enough insulin, or the body not responding properly to the insulin that is produced - and often both.",1,0,1,
"tree pollen; nice technology appraisal, august 2025 article history the information on this page is written and peer reviewed by qualified clinicians.",1,0,1,
medication should reverse if the medication is stopped.,1,0,1,
swollen lymph glands,0,1,1,
infection usually get better on their own within two weeks.,1,0,1,
medicines for illness,0,1,1,
the immune system attacking itself (autoimmune diseases).,1,0,1,
these medicines are used to,0,1,1,
"all sorts of conditions, some of the more common ones including: cancers such as lymphoma or leukaemia.",1,0,1,
a medication called carbimazole which is used to,0,1,1,
an over-active thyroid gland can suppress one particular white blood cell.,1,0,1,
immunosuppression,0,1,1,
you can also have haemolys,0,1,1,
type 2 diabetes can be,0,1,1,
"mechanical heart valves, malaria and liver disease.",1,0,1,
anaemia of chronic disease cannot be,0,1,1,
supplements or tablets.,1,0,1,
folic acid deficiency anaemia symptoms due to anaemia are,0,1,1,
the reduced amount of oxygen in the body.,1,0,1,
"these include colestyramine, sulfasalazine, methotrexate and some anticonvulsant medicines used to",0,1,1,
epilepsy.,1,0,1,
it is not,0,1,1,
someone's diet or lifestyle.,1,0,1,
shoulder problems such as a frozen shoulder.,1,0,1,
