head,relation,tail,head_type,tail_type
kidney infection risk factors diagnosing a kidney infection how to,treats,a kidney infection complications of a kidney infection can a kidney infection be prevented?,,
it,caused_by,bacteria travelling from your bladder into one or both of your kidneys and causing an infection there.,,
how to,treats,a kidney infection antibiotics will usually clear the infection.,,
most kidney infections are,caused_by,germs (bacteria) travelling up from a bladder infection.,,
"if you have kidney stones, your doctor will",treats,these as they can increase the risk of kidney infection.,,
"the aims of treatment include: if possible, to",treats,any underlying kidney condition.,,
"if possible, to",treats,any underlying kidney condition.,,
to relieve symptoms and problems,caused_by,ckd.,,
relieving symptoms and problems,caused_by,"chronic kidney disease if chronic kidney disease becomes severe, treatment might be needed to combat various problems",,
"each year 1 or 2 people in every 1,000 will have symptoms",caused_by,kidney stones.,,
about 1 in 8 men and 1 in 16 women will have an episode of pain,caused_by,kidney stones at some time in their lives.,,
renal colic: renal colic: this is a severe pain which,caused_by,a stone that passes into the tube (the ureter) draining urine from the kidney.,,
the pain,caused_by,renal colic may last from a few minutes to a few hours.,,
this is a severe pain which,caused_by,a stone that passes into the tube (the ureter) draining urine from the kidney.,,
this,caused_by,a stone rubbing against the inside of your ureter.,,
some medicines used to,treats,hiv.,,
kidney stones are common and they are not,caused_by,any known underlying disease for most people.,,
how to,treats,a uti how to prevent utis when to see a doctor for a uti what is a uti?,,
how to,treats,a uti to help ease symptoms of a urinary tract infection (uti) take paracetamol to reduce pain and also to bring down your temperature if you have a fever.,,
but there's no evidence they help ease symptoms or,treats,a uti if the infection has already started.,,
the sample may be sent to the laboratory to be further tested to identify the bacteria causing the infection and the best antibiotics to,treats,the infection.,,
this is where sending urine tests to the laboratory can be really helpful to identify the bacteria and to ensure that the best antibiotics can be prescribed to,treats,that infection.,,
when to see a doctor for a uti contact or see a gp or other primary healthcare professional if: your child,has_symptom,s of a uti.,,
your child,has_symptom,s of a uti.,,
in most bouts of fever that are not,caused_by,"serious illness, the temperature generally comes down quickly.",,
remember: paracetamol and ibuprofen do not,treats,the cause of the fever - they merely help to ease discomfort.,,
treatment for rigors the most important thing is to work out what is causing the rigor and then to,treats,that cause.,,
remember that paracetamol and ibuprofen do not,treats,the cause of the rigor.,,
this means that the doctors are not yet certain of the cause of the rigors but they,treats,the patient with a broad-spectrum antibiotic.,,
the symptoms of a rigor are,caused_by,the body responding to its internal thermostat having been turned up.,,
it,caused_by,"a virus that can be passed on by skin contact or from contaminated towels, flannels, soft toys, etc.",,
how to prevent molluscum contagiosum molluscum contagiosum causes molluscum contagiosum is a type of skin infection,caused_by,"a virus, which can be passed on by skin-to-skin contact.",,
molluscum contagiosum treatment no treatment it's usually best not to,treats,"molluscum at all, particularly in children.",,
"further reading and references molluscum contagiosum; dermnet nz molluscum contagiosum: images; dermnet nz basdag h, rainer bm, cohen ba; molluscum contagiosum: to",treats,or not to treat?,,
it is usually,caused_by,"a virus, but can also be",,
it is mainly,caused_by,viral infections but can also be,,
tonsillitis can be,caused_by,: viral infections such as colds and flu.,,
glandular fever glandular fever (infectious mononucleosis - or 'mono'),caused_by,a virus - the epstein-barr virus.,,
"tonsillitis is contagious so infection may spread by close physical contact with other people, or by droplets in the air,",caused_by,sneezing or coughing.,,
even when tonsillitis,caused_by,"a bacteria, treatment with an antibiotic does not make much difference in terms of the length or severity of the illness.",,
even when the tonsillitis,caused_by,"a bacterial infection, it will usually get better on its own.",,
tonsillitis antibiotics most throat and tonsil infections are,caused_by,"viruses, although some are",,
a swab can identify whether the infection,caused_by,a virus or a bacteria.,,
this was the same whether or not their tonsillitis was,caused_by,a bacteria (strep) or a virus.,,
this,caused_by,a bacterial infection.,,
what antibiotics are used to,treats,tonsillitis?,,
most cases of tonsillitis do not need antibiotics because they are usually,caused_by,a virus and clear up on their own.,,
"tonsillitis is the inflammation of the tonsils, whereas strep throat is a specific infection",caused_by,"group a streptococcus that often leads to tonsillitis, but can also affect the throat more generally.",,
it is usually,caused_by,infection with a bacteria.,,
most cases of laryngitis are,caused_by,a virus infection but there are many other possible causes (see 'laryngitis causes' below).,,
when,caused_by,"a virus infection, it usually starts suddenly and resolves within 1-2 weeks.",,
when laryngitis,caused_by,"an infection (for example, a virus), the infection can be contagious.",,
when laryngitis,caused_by,"fungal infection, the treatment is antifungal medication.",,
sometimes corticosteroid medication (either oral or inhaled) is recommended to,treats,laryngitis as it is thought to reduce swelling in the larynx.,,
it is usually,caused_by,a virus.,,
laryngitis may also be,caused_by,"a long period of screaming, yelling or singing very loudly.",,
laryngoscopy also checks your hoarseness is not,caused_by,anything more serious.,,
"glandular fever is a viral infection, mostly",caused_by,the epstein-barr virus.,,
pus is also,caused_by,"viral infections, such as glandular fever.",,
glandular fever is most often,caused_by,the epstein-barr virus (ebv).,,
"in about 1 in 10 people with glandular fever, it",caused_by,"a different virus, such as cytomegalovirus, adenovirus or human herpesvirus 6.",,
the symptoms,caused_by,glandular fever are similar to symptoms due to various other viruses.,,
the rash can also be,caused_by,giving antibiotics.,,
antibiotics are not useful in glandular fever as it,caused_by,a virus not by a bacteria.,,
"antibiotic medicines are not used, as glandular fever",caused_by,a virus.,,
"however, there are ear drops called acetic acid ear drops (earcalm®) available over the counter which can",treats,most mild cases of otitis externa.,,
sometimes it,caused_by,"another condition, such as ménière's disease, noise damage or ear infections.",,
secondary (or comorbid) insomnia occurs when insomnia is a,symptom_of,", or is associated with, other conditions.",,
medicines associated with dependence or withdrawal symptoms: safe prescribing and withdrawal management for adults; nice guidance (april 2022) sleepio to,treats,"insomnia and insomnia symptoms; nice medical technologies guidance, may 2022 insomnia; nice cks, april 2024 (uk access only) sleep diary; the sleep charity.",,
anxiety is a,symptom_of,various anxiety disorders.,,
the physical symptoms are partly,caused_by,the brain which sends lots of messages down nerves to various parts of the body when you are anxious.,,
anxiety may also be a,symptom_of,"other illness, particularly hyperthyroidism.",,
it is called an 'adjustment reaction' because it,caused_by,a reaction or adjustment to the problem.,,
these are commonly used to,treats,depression but also help to reduce the symptoms of anxiety even if you are not depressed.,,
buspirone buspirone is sometimes prescribed to,treats,gad.,,
how to,treats,severe depression st john's wort for depression living with depression will it happen again?,,
it can be difficult to tell symptoms of depression apart from symptoms,caused_by,other 'physical' health conditions.,,
"so, depression, and mental health problems generally, are important to identify and",treats,in people with other long-term conditions.,,
how to,treats,severe depression more severe depression is often treated with a combination of cbt and antidepressant medication.,,
using alcohol or drugs regularly also makes it very hard to assess and,treats,depression.,,
the difficulties,caused_by,adhd vary from mild to severe.,,
how to,treats,adhd in adults can adhd get worse in adults?,,
how to,treats,adhd in adults medication will usually be offered if adhd symptoms are causing significant difficulties.,,
"therefore, the difficulties",caused_by,"adhd may get worse because of the impact on activities with friends, family and at work.",,
in this article: how to tell if a wound is infected what to do if a wound is infected how do you,treats,an infected wound?,,
how do you,treats,an infected wound?,,
tetanus is a serious disease,caused_by,germs which mostly live in soil or manure.,,
if the wound was,caused_by,a human or animal bite.,,
"(human and animal mouths contain lots of bacteria, and bites can make deep holes in the skin.) if the wound was",caused_by,a human or animal bite.,,
"this can happen if you are taking medicines that cause you to have a weakened immune system, such as chemotherapy or some medications used to",treats,inflammatory conditions - this will put you at a higher risk of a fungal infection.,,
this can happen even in people who are fairly healthy and is usually easy to,treats,with creams or pills.,,
this requires a specialist to diagnose and,treats,it.,,
"treatment of fungal infections as already discussed, these are usually",treated_by,"a cream used in the affected area, but occasionally a tablet is used.",,
how to,treats,strep a what other problems can strep a cause?,,
cellulitis can also be,caused_by,other bacterial infections.,,
how to treat strep a strep a infections are effectively,treated_by,"antibiotics, especially penicillin-based antibiotics.",,
post-streptococcal glomerulonephritis post-streptococcal glomerulonephritis is a kidney problem which seems to be,caused_by,an autoimmune reaction to previous group a strep infection.,,
"there is controversy around pandas; it has been difficult to clearly demonstrate a link between the symptoms and group a strep infection scientifically, and it may be that these symptoms are not",caused_by,strep a at all in most children.,,
(toxic shock syndrome can also be,caused_by,"a different bacterium, called staphylococcus aureus.) in the early stages of toxic shock syndrome, the symptoms can be identical to mild illnesses such as flu - fever, muscle pain, and chills - but rapidly get worse.",,
curr,treats,options cardiovasc med.,,
what infections and diseases can be,caused_by,e.,,
these are the most common infections,caused_by,e.,,
about 9 in 10 utis are,caused_by,strains of e.coli.,,
traveller's diarrhoea is often,caused_by,a strain of e.,,
other infections other infections that are sometimes,caused_by,strains of e.,,
conditions,caused_by,this bacteria include: infection of the gut (gastroenteritis) some people infected with vtec o157 have typical symptoms of gastroenteritis.,,
"it causes kidney failure, a type of anaemia called haemolytic anaemia (anaemia",caused_by,"damage to the red blood cells), and thrombocytopenia (lowered platelets which can lead to spontaneous bleeding).",,
a number of outbreaks of disease,caused_by,vtec o157 have been reported in recent years.,,
medicines antibiotic medicines are not usually used to,treats,this infection.,,
"indeed, there is some concern that giving antibiotics to children who have gastroenteritis or colit",caused_by,vtec o157 may increase their risk of developing hus.,,
"high blood pressure url : https://patient.info/heart-health/high-blood-pressure-hypertension category : heart health and blood vessels byline : by dr doug mckechnie, mrcgp --- article text --- health topics heart health and blood vessels high blood pressure high blood pressure hypertension peer reviewed by dr colin tidy, mrcgplast updated by dr doug mckechnie, mrcgplast updated 19 jan 2025 meets patient’s editorial guidelines in this series: living with high blood pressure medicine for high blood pressure thiazide diuretics high blood pressure (hypertension) happens when the force on the walls of blood vessels (",caused_by,the blood within them) is more than normal.,,
a high total cholesterol may be,caused_by,a high hdl cholesterol level and is therefore healthy.,,
"however, sometimes bradycardia",caused_by,an underlying medical condition and does cause symptoms.,,
damage to the heart,caused_by,a heart attack (myocardial infarction).,,
bradycardia prevention bradycardia can be,caused_by,"heart disease, so healthy lifestyle advice is very important.",,
"this leaflet explains what causes it, what it means for your health, and what you can do to prevent and",treats,it.,,
vitamin d deficiency can be,caused_by,"little or no sunlight exposure, poor dietary intake, increased needs (for example, in pregnancy or growing children), darker skin, age, certain health conditions, and some medications.",,
the dose needed for maintenance may be lower than that needed to,treats,the deficiency.,,
care is needed with vitamin d supplements in certain situations: it can interact with certain medicines: digoxin (for an irregular heartbeat - atrial fibrillation) or thiazide diuretics such as bendroflumethiazide (commonly used to,treats,high blood pressure).,,
it can interact with certain medicines: digoxin (for an irregular heartbeat - atrial fibrillation) or thiazide diuretics such as bendroflumethiazide (commonly used to,treats,high blood pressure).,,
pain that wasn't,caused_by,a sprain or strain (non-mechanical).,,
surgery which opens the covering of the spinal canal (a procedure called laminectomy) to,treats,a slipped disc causing thoracic spine pain is occasionally used.,,
preventing thoracic back pain thoracic back pain may be,caused_by,an underlying condition.,,
"the commonest of these would be a ""compression fracture"" of a vertebra (where one of the vertebrae gets squashed by the vertebra above it and fractures) which is usually",caused_by,osteoporosis.,,
thoracic back pain can be,caused_by,"poor posture, or sitting for long periods, for example, at a desk - avoiding these, and ensuring a desk workstation is ergonomic, can help to prevent it.",,
how to,treats,broken or bruised ribs what are the complications of broken or bruised ribs?,,
how to,treats,broken or bruised ribs the most important treatment is to have good pain relief good pain relief for broken or bruised ribs is important as it helps to enable normal breathing and coughing.,,
it is important to,treats,constipation promptly because straining worsens rib pain.,,
it is,treated_by,draining off the trapped blood.,,
(see 'how to,treats,"a rib injury', above.) even with good painkillers, some people may develop a chest infection.",,
rib injuries can occasionally be,caused_by,coughing or straining.,,
occasionally eds is not inherited from a parent but has been,caused_by,a random gene mutation.,,
"there is also a small risk of rupture of the large bowel (colon), and of the womb (uterus) during labour, and of spontaneous pneumothorax (",caused_by,popping of an air space in the lungs).,,
"hay fever url : https://patient.info/allergies-blood-immune/hay-fever-leaflet category : allergies, blood and immune system byline : by dr doug mckechnie, mrcgp --- article text --- health topics allergies, blood and immune system allergies hay fever hay fever peer reviewed by dr philippa vincent, mrcgplast updated by dr doug mckechnie, mrcgplast updated 8 jun 2023 meets patient’s editorial guidelines hay fever",caused_by,an allergy to pollen.,,
"however, the term is often used when allergies are",caused_by,other pollens such as tree pollens.,,
a high temperature (higher than 38°c) is usually,caused_by,an infection instead.,,
"however, you should not take steroid tablets for long periods to",treats,"hay fever, as serious side-effects may develop.",,
the national institute for health and care excellence (nice) has recommended that adults with severe allergic inflammation in the nose (rhinitis) or conjunctivit,caused_by,pollen from birch trees can be given treatment with a tablet containing birch pollen allergen extract (betula verrucose).,,
there is no evidence that hay fever itself causes harm in pregnancy - the only reason to,treats,it is to improve symptoms.,,
there isn't a national guideline in the uk on how best to,treats,"hay fever in pregnant women, even though it is a very common problem.",,
"allergic rhinitis; nice cks, january 2024 (uk access only) treatment of allergic rhinitis; best use of medicines in pregnancy, uk teratology information service, 2019 betula verrucosa for treating moderate to severe allergic rhinitis or conjunctivit",caused_by,"tree pollen; nice technology appraisal, august 2025 article history the information on this page is written and peer reviewed by qualified clinicians.",,
swollen lymph glands,caused_by,infection usually get better on their own within two weeks.,,
medicines for illness,caused_by,the immune system attacking itself (autoimmune diseases).,,
these medicines are used to,treats,"all sorts of conditions, some of the more common ones including: cancers such as lymphoma or leukaemia.",,
a medication called carbimazole which is used to,treats,an over-active thyroid gland can suppress one particular white blood cell.,,
immunosuppression,caused_by,medication should reverse if the medication is stopped.,,
you can also have haemolys,caused_by,"mechanical heart valves, malaria and liver disease.",,
anaemia of chronic disease cannot be,treated_by,supplements or tablets.,,
folic acid deficiency anaemia symptoms due to anaemia are,caused_by,the reduced amount of oxygen in the body.,,
"these include colestyramine, sulfasalazine, methotrexate and some anticonvulsant medicines used to",treats,epilepsy.,,
it is not,caused_by,someone's diet or lifestyle.,,
type 2 diabetes can be,caused_by,"the pancreas not producing enough insulin, or the body not responding properly to the insulin that is produced - and often both.",,
"by dr doug mckechnie, mrcgp other types of diabetes there are also a number of rarer forms of diabetes, including: secondary diabetes: diabetes can be",caused_by,other diseases.,,
diabetes can also be,caused_by,"other hormone (endocrine) diseases, such as cushing's syndrome and acromegaly.",,
secondary diabetes: diabetes can be,caused_by,other diseases.,,
maturity-onset diabetes of the young (mody): this includes several forms of diabetes which are,caused_by,genetic defects of the cells in the pancreas that make insulin.,,
type 1 diabetes is not,caused_by,any type of diet or lifestyle.,,
causes of type 2 diabetes type 2 diabetes can be,caused_by,"insulin not working properly (insulin resistance), or by the pancreas not producing enough insulin.",,
type 2 diabetes is not directly,caused_by,"eating certain foods, but a diet with lots of high-calorie foods can lead to overweight and obesity, which can then lead to type 2 diabetes.",,
the treatment for diabetes includes regular monitoring to diagnose and,treats,complications at an early stage.,,
complications of type 1 diabetes type 1 diabetes treatment treatment aim 1 - keeping your blood glucose level near normal treatment aim 2 - to reduce other risk factors treatment aim 3 - to detect and,treats,any complications immunisation what is type 1 diabetes?,,
treatment aim 3 - to detect and,treats,any complications most gp surgeries and hospitals have special diabetes clinics.,,
treatment aim 1 - keeping your blood sugar (glucose) level at normal levels treatment aim 2 - to reduce other risk factors treatment aim 3 - monitoring to detect and,treats,any complications promptly immunisation what is type 2 diabetes?,,
but a group of medications first developed to,treats,type 2 diabetes can provide added protection against developing and worsening chronic kidney disease.,,
treatment aim 3 - monitoring to detect and,treats,any complications promptly most gp surgeries and hospitals have special diabetes clinics.,,
memory loss is the most well-known,symptom_of,"dementia, but dementia can affect many other brain functions as well.",,
vascular dementia,caused_by,"reduced blood flow to the brain, which damages brain cells.",,
lewy body dementia this is a type of dementia,caused_by,"lumps of protein in the brain, called lewy bodies.",,
"in general, dementia",caused_by,things that damage brain cells and the connections between them.,,
"for example, although we don't fully understand why it happens, alzheimer's disease seems to be",caused_by,the buildup of abnormal proteins in the brain.,,
the movement of the bones,caused_by,muscles which pull on tendons that are attached to bone.,,
one early,symptom_of,wet amd is visual distortion.,,
"nice has recommended enzalutamide, along with hormone therapy, as an option to",treats,hormone-sensitive prostate cancer that has metastised.,,
"even with the above tests, the exact extent of spread (stage) may not be known until after an operation to",treats,the cancer.,,
this,caused_by,"ascites, which is a collection of fluid in the abdomen.",,
it,caused_by,"the growth and spread of the cancer to the inside of the abdomen, which causes fluid to accumulate.",,
all of the above symptoms can be,caused_by,various other conditions.,,
a negative fit test makes bowel cancer unlikely; a positive fit test can be,caused_by,"many things other than bowel cancer, but usually means that your doctor will refer you to a specialist urgently for further tests.",,
to,treats,advanced (metastatic) bowel cancer.,,
targeted treatments and immunotherapy are used to,treats,advanced (metastatic) bowel cancer.,,
to,treats,symptoms from metastatic bowel cancer in other organs (palliative radiotherapy).,,
there is also a very small risk that some medicines used to,treats,leukaemia may cause another form of cancer much later in your life.,,
itchy vulva causes an itchy vulva (pruritus vulvae) can be,caused_by,many different conditions.,,
it is often,caused_by,antibiotic use.,,
medicines taken by mouth can also,treats,hair growth.,,
medicines taken by mouth to,treats,hair growth take 3-9 months to work fully.,,
metformin and other insulin-sensitising medicines metformin is a medicine that is commonly used to,treats,people with type 2 diabetes.,,
some chemotherapy medicines that,treats,cancer may lead to an early menopause.,,
wrinkles,caused_by,"muscle contraction such as frown lines between the eyebrows, forehead lines and crow's feet, can be improved by botox treatment.",,
the various wrinkles,caused_by,facial muscle contraction are illustrated on diagram 1.,,
botox can also be used to,treats,excessive sweating of the armpits and palms of the hands.,,
when used to,treats,"excessive sweating in the armpits, botox is injected directed into the axillary skin.",,
"whilst botox can be very safe and effective way to reduce wrinkles due to muscle contractions, it has no effect in reducing the fine lines on the face",caused_by,"sun damage, and lines due to sagging of facial skin.",,
hypothyroidism symptoms many symptoms of having an underactive thyroid gland (hypothyroidism) can be,caused_by,a low level of thyroxine.,,
"however, all these symptoms can be",caused_by,other conditions and sometimes the diagnosis is not obvious.,,
autoimmune thyroiditis is more common than usual in people with: a family history of hypothyroidism,caused_by,autoimmune thyroiditis.,,
a family history of hypothyroidism,caused_by,autoimmune thyroiditis.,,
other types of thyroid inflammation (thyroiditis),caused_by,various rare conditions.,,
this may be more difficult to,treats,(as discussed above).,,
all the symptoms can be,caused_by,other problems and so the diagnosis may not be obvious at first.,,
"scaly patches of skin and thickened skin,",caused_by,scratching a lot.,,
creams are usually best to,treats,moist or weeping areas of skin.,,
ointments are usually best to,treats,areas of skin which are dry or thickened.,,
lotions may be useful to,treats,hairy areas such as the scalp.,,
"high-strength steroids short bursts of high-strength steroid as an alternative for adults, a short course, usually three days, of a strong topical steroid may be an option to",treats,a mild-to-moderate flare-up of eczema.,,
it can be difficult to,treats,and some men grow a beard to solve the problem.,,
"pseudo-folliculitis also known as ""razor bumps"", this",caused_by,inflammation from shaving and ingrowing hairs.,,
ingrowing hairs can also be,caused_by,dead skin cells blocking the hair follicle so the hair cannot exit the follicle.,,
"malassezia folliculitis also known as pityrosporum folliculitis, this",caused_by,yeasts which normally live on the skin but occasionally cause inflammation.,,
most folliculitis infections are,caused_by,a bacteria called staphylococcus aureus (s.,,
physical irritation,caused_by,shaving or friction.,,
chemical irritation,caused_by,chemicals applied to the skin.,,
there are six main types of spot that are,caused_by,"acne: blackheads, which are small and either black or yellowish.",,
"pustules are similar to papules, but with a white tip that",caused_by,pus.,,
some myths and wrongly held beliefs about acne acne is not,caused_by,poor hygiene.,,
acne is not,caused_by,poor hygiene.,,
hives are common and are often,caused_by,"an allergic reaction, stress, infections, or certain medications.",,
hives (or urticaria) is an itchy rash,caused_by,tiny amounts of fluid that leak from blood vessels just under the skin surface.,,
hives symptoms an itchy rash is the main,symptom_of,hives (urticaria).,,
the condition,caused_by,sweating and is sometimes called heat bumps.,,
"unlike most types of hives, those",caused_by,a physical stimulus are not helped by steroids.,,
painkillers are medicines that are used to,treats,pain.,,
"although commonly described as 'weak opioids', they are extremely effective analgesics often used to",treats,"severe pain; however, they can lead to significant addiction and adverse effects, so should not be underestimated.",,
"in addition to the above, some antidepressants and antiepileptic medicines can be used to",treats,neuropathic pain.,,
treatment and medication many common infections are,caused_by,germs called viruses.,,
"also, many infections",caused_by,germs called bacteria do not need antibiotics.,,
paracetamol is used to,treats,pain and to lower a high temperature.,,
stronger opioids are normally used to,treats,"severe pain - for example, cancer-related pain, pain after an operation, or after a serious injury.",,
anti-inflammatory medicines used as a cream (topical painkillers) are mainly used to,treats,pain in the soft tissues and muscles.,,
"antibiotics url : https://patient.info/infections/antibiotics-leaflet category : treatment and medication byline : by dr philippa vincent, mrcgp --- article text --- health topics treatment and medication antibiotics antibiotics peer reviewed by dr colin tidy, mrcgplast updated by dr philippa vincent, mrcgplast updated 30 jul 2024 meets patient’s editorial guidelines in this series: germs extended-spectrum beta-lactamases antibiotics are medicines that",treats,"bacterial infections, but they don’t work against viruses like colds or flu.",,
frequently asked questions key points antibiotics are medicines used to,treats,or prevent bacterial infections - they do not work against viral infections such as colds or the flu.,,
antibiotics are medicines used to,treats,or prevent bacterial infections - they do not work against viral infections such as colds or the flu.,,
antibiotics are a group of medicines that are used to,treats,bacterial infections.,,
it is important to remember that antibiotics are only prescribed to,treats,bacterial infections and are not effective against viruses.,,
antibiotics simply do not work against infections that are,caused_by,"viruses (for example, the common cold or flu), or fungi (for example, thrush in the mouth or vagina), or fungal infections of the skin.",,
this is why different antibiotics are used to,treats,different types of infection.,,
most common infections are,caused_by,viruses.,,
"for example, antibiotics usually do little to speed up recovery from most ear, nose, throat and sinus infections even where they are",caused_by,bacteria.,,
"however, antibiotics are needed for certain more serious infections",caused_by,"bacteria, such as meningitis or pneumonia.",,
antibiotics can also be prescribed to,treats,acne.,,
some other significant side effects are: severe watery diarrhoea and tummy (abdominal) cramps: signs of a serious bacterial infection of the gut - clostridium difficile infection - which,caused_by,antibiotic use.,,
severe watery diarrhoea and tummy (abdominal) cramps: signs of a serious bacterial infection of the gut - clostridium difficile infection - which,caused_by,antibiotic use.,,
"it is possible to get a limited selection of antibiotics directly from your pharmacist, for example to",treats,a urinary tract infection in certain age groups.,,
the type of steroids used to,treats,disease are called corticosteroids.,,
steroids can also be given as: eye drops to reduce inflammation on the surface of the eye such as,caused_by,uveitis.,,
eye drops to reduce inflammation on the surface of the eye such as,caused_by,uveitis.,,
rectal foam or suppositories to,treats,ulcerative colitis (proctitis) or for crohn's disease affecting the rectum.,,
steroid nasal sprays steroid nasal sprays are medicines that are commonly used to,treats,symptoms of stuffiness or congestion in the nose.,,
inhaled steroids are mainly used to,treats,asthma and chronic obstructive pulmonary disease (copd).,,
steroids can help to,treats,inflammatory conditions such as asthma and eczema - they are a type of anti-inflammatory drug.,,
"this can help treat autoimmune conditions, such as rheumatoid arthritis, autoimmune hepatitis or systemic lupus erythematosus (sle), which are",caused_by,the immune system mistakenly attacking the body.,,
this can help,treats,"autoimmune conditions, such as rheumatoid arthritis, autoimmune hepatitis or systemic lupus erythematosus (sle), which are caused by the immune system mistakenly attacking the body.",,
these were originally developed to,treats,"type 2 diabetes, but are increasingly used for weight loss treatment as well.",,
orlistat side-effects the common side-effects of orlistat are,caused_by,the fat which is passed out with your stools (faeces).,,
they may suggest some tests to screen for any underlying health problems that may be,caused_by,your weight.,,
"primary headache disorders are standalone conditions, whereas ""secondary"" headaches are",caused_by,other medical problems.,,
new treatments that target cgrp have been successfully used to,treats,migraine.,,
they are not painkillers and are different to those used to,treats,each migraine attack.,,
the bad news is that some of the medicines used to,treats,migraine should not be taken by pregnant or breastfeeding women .,,
"so, tests might be done if someone",has_symptom,"s that are not typical for migraine, or if they have symptoms that suggest another cause of headaches.",,
"treatment can include painkillers, physiotherapy and sometimes surgery to relieve the compression",caused_by,", for example, a cervical rib.",,
the more common symptoms of multiple sclerosis include: visual problems the first,symptom_of,multiple sclerosis for around one in four people with ms is a disturbance of vision.,,
this is the most common,symptom_of,a first relapse.,,
steroid medication to,treats,relapses.,,
parkinson's disease treatments which medicines are used to,treats,parkinson's disease?,,
(this could be linked to some types of medication - see 'which medicines are used to,treats,"parkinson's disease?' section, below.) problems with controlling impulses.",,
(this could be linked to some types of medication - see 'which medicines are used to,treats,"parkinson's disease?' section, below.) also, for reasons that are unclear, people with a medical history of pd have an increased risk of developing melanoma skin cancer.",,
which medicines are used to,treats,parkinson's disease?,,
sometimes laxatives may be needed to,treats,constipation.,,
"for example, seeing or hearing things (hallucinations), confusion and mental changes are possible side-effects of some medicines used to",treats,pd.,,
research is underway using stem cell therapy to help,treats,pd.,,
"however, occasionally these symptoms can be",caused_by,diseases of the bowel.,,
"for example, acute gastroenteritis (also known as a 'tummy bug'), often",caused_by,"infection with a virus, can result in a short-term condition associated with increased gas.",,
examples include: coeliac disease,caused_by,"intolerance to a protein called gluten which is found in certain foods containing wheat, barley and rye.",,
small intestinal bacterial overgrowth is a poorly understood condition which,caused_by,an overgrowth of germs in the small intestine.,,
"indeed, it is thought that some cases of irritable bowel syndrome may be",caused_by,small intestinal bacterial overgrowth.,,
this,caused_by,infection with a germ called giardia.,,
how to,treats,ibs irritable bowel syndrome medications alternative ibs treatments what is the outlook for ibs (prognosis)?,,
ibs is not,caused_by,an ongoing gut infection.,,
the connections between the gut and the brain are known as the 'gut-brain axis' and it is this link which has led to the use of psychological therapies sometimes being used to,treats,ibs.,,
note: remember that passing blood is not a,symptom_of,ibs.,,
how to,treats,ibs there are many different methods of treating ibs.,,
treating constipation constipation is sometimes a main,symptom_of,ibs.,,
antidepressant medicines a tricyclic antidepressant is sometimes used to,treats,ibs.,,
"gastroenteritis url : https://patient.info/digestive-health/diarrhoea/gastroenteritis category : digestive health byline : by dr colin tidy, mrcgp --- article text --- health topics digestive health gastroenteritis gastroenteritis peer reviewed by dr krishna vakharia, mrcgplast updated by dr colin tidy, mrcgplast updated 26 sept 2023 meets patient’s editorial guidelines in this series: diarrhoea food poisoning norovirus campylobacter salmonella cryptosporidium gastroenteritis, also known as 'stomach-flu', is the inflammation of the stomach and intestines,",caused_by,"viruses, bacteria or other microbes.",,
"gastroenteritis treatment complications of gastroenteritis how to prevent gastroenteritis frequently asked questions key points gastroenteritis is an infection of the stomach and intestines,",caused_by,"viruses, bacteria, or parasites.",,
"gastroenteritis is an infection of the stomach and intestines,",caused_by,"viruses, bacteria, or parasites.",,
gastroenteritis can be,caused_by,: viruses: infection with noroviruses and adenoviruses are common causes of gastroenteritis in adults in the uk.,,
antibiotics are not needed for gastroenterit,caused_by,viruses and may even make things worse.,,
"if it does occur, it is more likely if gastroenteritis",caused_by,salmonella infection.,,
it is rare and is usually associated with gastroenterit,caused_by,a certain type of e.,,
there are many things you can do at home to help,treats,"and prevent piles, whilst procedures or surgery can help severe cases.",,
piles symptoms the most common,symptom_of,piles is bleeding after going to the toilet to poo.,,
it may also be done to,treats,grade 1 piles which have not settled with the simple advice and treatment outlined above.,,
haemorrhoidectomy a surgical procedure to cut away the haemorrhoid(s) is an option to treat grade 3 or 4 piles or for piles not successfully,treated_by,banding or other methods.,,
"although piles can often be treated at home, it’s best to see a doctor if you are experiencing any pain or rectal bleeding: pain may indicate that there is a complication",caused_by,the piles.,,
pain may indicate that there is a complication,caused_by,the piles.,,
it may be all that you need to,treats,small and non-prolapsing piles (grade 1).,,
"small grade 3 can sometimes be gently pushed back in, but larger or painful grade 4 piles should not be forced back in and should be",treated_by,a doctor.,,
lifestyle causes of tiredness tiredness is often,caused_by,lifestyle.,,
"for example, in anaemia with low iron levels, iron supplements can be used to",treats,this and the tiredness will resolve as the blood count increases.,,
treatments for tiredness,caused_by,chronic fatigue syndrome (cfs) if symptoms are thought to be due to cfs then a referral to a specialist team is sometimes made.,,
treatments for tiredness,caused_by,"anxiety or depression anxiety or depression can be helped by talking therapy (counselling), cognitive behavioural therapy (cbt) or medication.",,
treatments for tiredness,caused_by,"stress if stress is the cause, it is worth taking the time to think and talk about possible ways to reduce this.",,
"this is normal in pregnancy and whilst some exercise is still sensible, it is important to take care and to make adaptations for the change in posture",caused_by,carrying the weight at the front.,,
peripheral arterial disease: this,caused_by,"narrowing of the arteries, usually due to the build-up of cholesterol.",,
conditions affecting brain 'drive' to muscles anxiety: generalised tiredness can be,caused_by,anxiety.,,
depression: general weariness and a feeling of generalised tiredness can also be,caused_by,depression.,,
medicines used to,treats,an overactive thyroid gland.,,
neurological conditions: muscle weakness can be,caused_by,cerebrovascular disease such as a stroke and brain haemorrhage and spinal injury.,,
other uncommon nerve conditions: multiple sclerosis (ms): this,caused_by,damage to nerves in the brain and spinal cord and can cause sudden paralysis of a muscle.,,
the following are some of the possibilities,caused_by,the above organs.,,
"you are bringing up (vomiting) blood, or have blood in your poo (including a very dark coloured poo which can be",caused_by,old blood high up in the gut).,,
swollen lymph nodes in the groin may be,caused_by,"infection, or rarely by malignancy.",,
people with lumps in the groin,caused_by,"cancer may also have other symptoms due to cancer, such as weight loss.",,
these are little skin lumps,caused_by,a virus.,,
bronchitis is usually,caused_by,"a viral infection, with between 1% and 10% of cases being",,
the vast majority of urtis are,caused_by,viral infections.,,
because urtis are,caused_by,"viruses rather than bacteria, antibiotics won't help in any way.",,
antibiotics for a chest infection antibiotics are medicines used for infections,caused_by,germs (bacteria) and don't work on viruses.,,
"a wheeze is a high-pitched whistling sound made when you breathe,",caused_by,air flowing through narrowed airways in the lungs.,,
the symptoms of asthma are,caused_by,"inflammation (swelling) in the airways of the lungs, which may be triggered by different things in different people.",,
this includes beta-blocker eye drops used to,treats,glaucoma.,,
the dose is enough to,treats,the airways.,,
short-acting relievers only,treats,"the symptoms of asthma and not the underlying cause, which is inflammation (swelling) in the airways.",,
most of the side-effects,caused_by,"steroid tablets occur if they are taken for a long time (more than several months), or after a lot of short courses of high-dose steroids over a short period of time.",,
silent asthma attack symptoms a 'silent' asthma attack is when someone has an asthma attack but without the typical,symptom_of,feeling or sounding wheezy.,,
it's usually,caused_by,bacterial infections but can also be,,
it is usually,caused_by,"bacteria, such as streptococcus pneumoniae, but can also be",,
causes of pneumonia pneumonia is an infection commonly,caused_by,bacteria or viruses.,,
"rarely, pneumonia can be",caused_by,inhaling poisons or chemicals rather than an infection.,,
low immunity can be,caused_by,"immunosuppressant medications, untreated hiv, or another serious illness.",,
pneumonia treatment you may need medications to,treats,"your pneumonia, depending on the cause and type of pneumonia.",,
the condition is most often,caused_by,smoking and the most important treatment is to stop smoking.,,
"this makes copd the second largest cause of emergency admissions, and one of the most expensive inpatient conditions",treated_by,the nhs.,,
chest infections can be,caused_by,germs called bacteria or viruses.,,
"alendronate, taken to",treats,"'thinning' of the bones (osteoporosis), can also cause mouth ulcers if it is not taken according to the instructions.",,
"however, if an ulcer",caused_by,"a viral infection, such as cold sores, this may be contagious, so it is important to get a proper diagnosis if you are unsure.",,
gps are not trained or insured to,treats,dental problems - do not ring your gp if you have toothache.,,
further treatment other treatment for a dental abscess includes the following: root canal root canal treatment is normally given to,treats,a periapical abscess.,,
"this is usually a problem in the mouth, but it can be coming from other sources, or",caused_by,a specific illness or medical condition.,,
these routine daily procedures are usually sufficient to look after your teeth and to,treats,or prevent halitosis.,,
it,caused_by,inflammation of the dental pulp - the nerves and blood vessels inside our teeth.,,
this,caused_by,brushing too hard when brushing your teeth which exposes the sensitive dentine of the tooth root.,,
the most common symptoms of toothache are: pain understanding the type of pain can help the dentist to,treats,you more effectively.,,
if the pulp has not healed or the symptoms have increased then your tooth may need to undergo treatment for irreversible pulpitis (see below) if the pulpitis was,caused_by,"a crack in a tooth it may be necessary to modify the site of the crack before replacing a filling or a crown, to prevent the tooth cracking in half.",,
if the pulpitis was,caused_by,"a previous deep filling or tooth sensitivity due to gum recession, your dentist will advise you how to protect the tooth and avoid irritating the pulp to give it a chance to heal by itself.",,
"ears and flying url : https://patient.info/travel-and-vaccinations/health-advice-for-travel-abroad/ears-and-flying category : travel and vaccinations byline : by dr doug mckechnie, mrcgp --- article text --- health topics travel and vaccinations ears and flying ears and flying aeroplane ear peer reviewed by dr philippa vincent, mrcgplast updated by dr doug mckechnie, mrcgplast updated 23 jun 2024 meets patient’s editorial guidelines in this series: health advice for travel abroad travelling to remote locations jet lag motion sickness altitude sickness aeroplane ear, or the feeling of blocked or painful ears while flying,",caused_by,pressure changes.,,
the pain,caused_by,unequal pressure that develops between the air in the middle ear and the air outside the ear during takeoff and landing.,,
it,caused_by,repeated movements during travelling which send strong (sometimes confusing) signals to the balance and position sensors in the brain.,,
"symptoms of nausea, dizziness or vomiting,",caused_by,"travel in a vehicle, boat or aeroplane, is known as motion sickness.",,
it can also be,caused_by,"playing video games or walking or standing on moving platforms, for example a pontoon on a lake.",,
"other techniques, which are useful on their own to",treats,"motion sickness but can also be used with medicines if required, are: breathe deeply and slowly and, while focusing on breathing, listening to music.",,
ondansetron ondansetron is a powerful antisickness medicine which is most commonly used for sickness,caused_by,"chemotherapy, and occasionally used for morning sickness in pregnancy.",,
it is probably,caused_by,the overstimulation of the balance organs during the journey.,,
it,caused_by,"consuming food and water, contaminated by germs (microbes) including bacteria, viruses and parasites.",,
traveller's diarrhoea,caused_by,"eating food, or drinking water, containing certain germs (microbes) or their poisons (toxins).",,
"for example, people with untreated hiv infection, those on chemotherapy, those on long-term steroid treatment or those who are taking drugs which suppress their immune system, for example after a transplant or to",treats,"an autoimmune condition despite the fact that symptoms are usually fairly mild, they can often mean that your travel itinerary is interrupted or may need to be altered.",,
"fluids to treat dehydration if your child is mildly dehydrated, this may be",treated_by,giving them rehydration drinks.,,
"if it does occur, it is more likely if diarrhoea",caused_by,salmonella infection.,,
haemolytic uraemic syndrome usually associated with traveller's diarrhoea,caused_by,a certain type of e.,,
exercises (done with or without shoes on) to help,treats,"plantar fasciitis choosing the correct footwear can help to reduce pain stand about 40 cm away from a wall and put both hands on the wall at shoulder height, feet slightly apart, with one foot in front of the other.",,
acute metatarsal fracture an acute metatarsal fracture is usually,caused_by,"a sudden forceful injury to the foot, such as dropping a heavy object on to the foot, kicking against a hard object when tripping, falling or from a sporting injury.",,
acute metatarsal fractures these are usually,caused_by,a direct injury to the foot.,,
these are usually,caused_by,a direct injury to the foot.,,
gout,caused_by,"a chemical in the blood, called uric acid (urate).",,
"various treatments can be given by a doctor or nurse, or a person qualified to diagnose and",treats,foot disorders (a podiatrist).,,
an ingrown toenail is usually,caused_by,a sharp spike of nail growing into the skin beside it.,,
antibiotics may be needed to,treats,infection.,,
severe ingrown toenails are usually,treated_by,"a gp or nurse, or a person qualified to diagnose and treat foot disorders (a podiatrist).",,
narrowing of the arteries can be,caused_by,: smoking.,,
psychological causes of erectile dysfunction erectile dysfunction can also be,caused_by,psychological issues.,,
"for example, it's not clear if excessive porn use causes erectile dysfunction, or if there are other explanations, such as the excessive porn use being",caused_by,"other things, like depression or relationship problems, which are also causing erectile dysfunction.",,
usually - although not always - the erectile dysfunction develops quite suddenly if it is a,symptom_of,a mental health problem.,,
urethritis is usually,caused_by,a sexually transmitted infection (sti) but not always.,,
people who have frequent attacks of angina or angina that happens during sex - because they are likely to need nitrate medications to,treats,"angina attacks, and the combination is dangerous.",,
"treatment for scrotal lumps, pains and swelling causes of lumps, pain and swelling in the scrotum common causes of pain or lumps in the scrotum include: torsion of the testis torsion of the testis epididymo-orchitis and orchitis epididymo-orchitis and orchitis haematocele (collection of blood around your testicle that may be",caused_by,an injury) haematocele (collection of blood around your testicle that may be,,
men's health testicle pain or discomfort can be a,symptom_of,"a minor injury or health issue, but it may also be a sign of something more serious.",,
hydrocele: this,caused_by,a collection of fluid in the scrotum.,,
surgical removal large or painful cysts can be surgically removed or,treated_by,aspiration and injection of a substance to shrink and seal the cyst.,,
"alternatively, penis itching can sometimes be a",symptom_of,a condition called balanitis.,,
balanitis can be,caused_by,"poor hygiene and infections picked up during sexual activity or sexual intercourse, such as: genital herpes.",,
it can also be,caused_by,"infections not linked to sexual activity, such as thrush.",,
an itchy foreskin can be,caused_by,"posthitis, which means inflammation of the foreskin.",,
discharge from the penis discharge from the penis is usually,caused_by,inflammation of the urethra.,,
they are,caused_by,infection with the human papillomavirus (hpv).,,
this leaflet discusses the reasons why eyelids might swell and how to,treats,them.,,
in this article: swollen eyelid causes how to treat swollen eyelids when to see a doctor about a swollen eyelid frequently asked questions key points swollen eyelids are a common symptom of many conditions and are usually,caused_by,"infections, inflammation, allergies, or injury.",,
in this article: swollen eyelid causes how to,treats,"swollen eyelids when to see a doctor about a swollen eyelid frequently asked questions key points swollen eyelids are a common symptom of many conditions and are usually caused by infections, inflammation, allergies, or injury.",,
in this article: swollen eyelid causes how to treat swollen eyelids when to see a doctor about a swollen eyelid frequently asked questions key points swollen eyelids are a common,symptom_of,"many conditions and are usually caused by infections, inflammation, allergies, or injury.",,
swollen eyelids are a common symptom of many conditions and are usually,caused_by,"infections, inflammation, allergies, or injury.",,
swollen eyelids are a common,symptom_of,"many conditions and are usually caused by infections, inflammation, allergies, or injury.",,
it can be,caused_by,"allergies and sensitivities (for example, to make-up), or by infection.",,
"periorbital cellulitis by afrodriguezg (own work), via wikimedia commons sinusitis sinusitis is usually",caused_by,"a bacterial or viral infection, although it may also be",,
eyelid swelling,caused_by,"an allergic reaction can be significant, since the eyelid tissue is stretchy and also tends to be quite 'reactive' to allergic stimuli.",,
"angio-oedema this is sometimes known as angio-neurotic oedema and is a skin reaction, usually",caused_by,"an allergy, that tends to cause marked skin swelling, sometimes with itching.",,
a black eye can be,caused_by,"direct injury to the eyelid, but commonly also results from a blow to the nose or forehead.",,
many people will be familiar with the eyelid irritation and swelling,caused_by,chlorine in swimming pools.,,
how to,treats,swollen eyelids treatments and remedies for swollen eyelids may include some or all of: cleaning the area (sometimes with diluted baby shampoo).,,
eyelid swelling,caused_by,a medical condition will need specific treatment.,,
"chalazion url : https://patient.info/eye-care/swollen-eyelid/chalazion category : eye health byline : by dr philippa vincent, mrcgp --- article text --- health topics eye health chalazion chalazion eyelid cyst peer reviewed by dr doug mckechnie, mrcgplast updated by dr philippa vincent, mrcgplast updated 4 sept 2024 meets patient’s editorial guidelines in this series: swollen eyelid stye blepharitis ectropion local anaesthesia for your eye operation a chalazion is a common condition affecting the eyelid and",caused_by,a blockage and inflammation of a gland in the eyelid.,,
"tsca.bot, cc by-sa 3.0, via wikimedia commons chalazion vs stye a chalazion",caused_by,"a blockage of a gland in the eyelid, whereas a stye is due to an infected eyelash follicle.",,
most floaters are also,caused_by,changes in the vitreous humour.,,
most eye flashes are,caused_by,changes in the vitreous humour which are related to age and which are harmless.,,
"because more marked floaters, together with eye flashes and haloes, are mostly",caused_by,"conditions occurring naturally in older eyes, most people who experience frequent floaters are over 60 years of age.",,
eye health a chalazion is a common condition affecting the eyelid and,caused_by,a blockage and inflammation of a gland in the eyelid.,,
stye prevention styes are,caused_by,"a bacterium (staphylococcus) getting into the blocked oil glands of the eyelid, so paying attention to good eye hygiene will help prevent styes occurring.",,
diagnose and,treats,some other conditions of the genitals that are not sexually transmitted.,,
the ius is also used to,treats,heavy periods (menorrhagia).,,
thrush,caused_by,the overgrowth of a fungus called candida.,,
"if you are in a sexual relationship, there is no need to",treats,your partner too unless they also have thrush symptoms.,,
most bouts of thrush are,caused_by,c.,,
"however, about 1 in 10 bouts of thrush are",caused_by,"other strains of candida, such as c.",,
if you have had a vaginal thrush infection in the past and the same symptoms come back then it is common practice to,treats,it without an examination or tests.,,
many women know when they have thrush and,treats,it themselves.,,
and if you do,treats,"yourself, contact a doctor or nurse if the symptoms do not clear after treatment.",,
"bacterial vaginosis url : https://patient.info/sexual-health/vaginal-discharge-female-discharge/bacterial-vaginosis category : women's health byline : by dr doug mckechnie, mrcgp --- article text --- health topics women's health bacterial vaginosis bacterial vaginosis peer reviewed by dr philippa vincent, mrcgplast updated by dr doug mckechnie, mrcgplast updated 20 apr 2023 meets patient’s editorial guidelines in this series: vaginal discharge vaginal thrush treating recurring yeast infections preventing and treating bacterial vaginosis bacterial vaginosis (bv) is a very common condition",caused_by,an overgrowth of bacteria in the vagina.,,
is bacterial vaginos,caused_by,poor hygiene?,,
how to test for bacterial vaginosis how to,treats,bacterial vaginosis other ways to get rid of bacterial vaginosis when should i have treatment for bacterial vaginosis?,,
bacterial vaginosis is a common condition of the vagina,caused_by,an overgrowth of various germs.,,
"it is not one infection,",caused_by,one type of germ.,,
bv is not,caused_by,poor hygiene.,,
"we know that it's more likely to happen if something disturbs the acidity of the vagina, (acidity which",caused_by,"the normal bacteria), which then allows the anaerobic bacteria to overgrow.",,
the main,symptom_of,bv is a vaginal discharge.,,
how to,treats,bacterial vaginosis there are various different treatments for bv.,,
less commonly it can be the first,symptom_of,an ectopic pregnancy.,,
"always see a midwife or doctor if you are concerned, particularly as leg pain and swelling may be",caused_by,a deep vein thrombosis.,,
the scan may be used to guide an injection which can help to,treats,the problem.,,
"for example, ultrasound-guided injections are a common way to",treats,shoulder problems such as a frozen shoulder.,,
